gaia_dr3,instrument,species,wl_air_AA,chi_eV,loggf,ew_mA
647383581622234496,PEPSI,Fe I,5522.45,4.21,-1.49,57.8
647383581622234496,PEPSI,Fe I,5546.51,4.37,-1.18,72.5
647383581622234496,PEPSI,Fe I,5560.21,4.43,-1.14,69.4
647383581622234496,PEPSI,Fe I,5618.63,4.21,-1.39,67.5
647383581622234496,PEPSI,Fe I,5619.61,4.39,-1.51,55.5
647383581622234496,PEPSI,Fe I,5701.55,2.56,-2.22,101.6
647383581622234496,PEPSI,Fe I,5705.47,4.3,-1.52,56.0
647383581622234496,PEPSI,Fe I,5741.85,4.26,-1.71,49.1
647383581622234496,PEPSI,Fe I,5753.13,4.26,-0.77,96.2
647383581622234496,PEPSI,Fe I,5775.08,4.22,-1.16,80.3
647383581622234496,PEPSI,Fe I,5778.46,2.59,-3.57,37.2
647383581622234496,PEPSI,Fe I,5809.22,3.88,-1.73,73.3
647383581622234496,PEPSI,Fe I,5849.69,3.69,-3.14,16.2
647383581622234496,PEPSI,Fe I,5852.22,4.55,-1.24,63.6
647383581622234496,PEPSI,Fe I,5855.08,4.61,-1.6,39.3
647383581622234496,PEPSI,Fe I,5858.78,4.22,-2.17,21.1
647383581622234496,PEPSI,Fe I,5861.11,4.28,-2.51,15.7
647383581622234496,PEPSI,Fe I,6054.07,4.37,-2.31,17.1
647383581622234496,PEPSI,Fe I,6079.01,4.65,-1.06,68.1
647383581622234496,PEPSI,Fe I,6082.71,2.22,-3.61,52.6
647383581622234496,PEPSI,Fe I,6093.64,4.61,-1.39,50.2
647383581622234496,PEPSI,Fe I,6127.9,4.14,-1.43,73.9
647383581622234496,PEPSI,Fe I,6151.62,2.18,-3.36,65.6
647383581622234496,PEPSI,Fe I,6157.73,4.07,-1.38,83.4
647383581622234496,PEPSI,Fe I,6159.38,4.61,-1.99,23.1
647383581622234496,PEPSI,Fe I,6165.37,4.14,-1.55,67.9
647383581622234496,PEPSI,Fe I,6170.51,4.79,-0.46,115.7
647383581622234496,PEPSI,Fe I,6173.34,2.22,-2.9,89.1
647383581622234496,PEPSI,Fe I,6180.2,2.73,-2.62,84.7
647383581622234496,PEPSI,Fe I,6187.99,3.94,-1.73,66.7
647383581622234496,PEPSI,Fe I,6200.31,2.61,-2.43,96.8
647383581622234496,PEPSI,Fe I,6240.65,2.22,-3.36,66.4
647383581622234496,PEPSI,Fe I,6265.13,2.18,-2.56,107.1
647383581622234496,PEPSI,Fe I,6270.23,2.86,-2.63,71.8
647383581622234496,PEPSI,Fe I,6297.79,2.22,-2.83,99.7
647383581622234496,PEPSI,Fe I,6311.5,2.83,-3.09,75.4
647383581622234496,PEPSI,Fe I,6315.81,4.07,-1.73,58.6
647383581622234496,PEPSI,Fe I,6322.69,2.59,-2.37,102.2
647383581622234496,PEPSI,Fe I,6380.74,4.19,-1.38,76.3
647383581622234496,PEPSI,Fe I,6392.54,2.28,-4.06,25.3
647383581622234496,PEPSI,Fe I,6419.95,4.73,-0.38,119.0
647383581622234496,PEPSI,Fe I,6436.41,4.19,-2.38,21.9
647383581622234496,PEPSI,Fe I,6481.87,2.28,-2.98,86.0
647383581622234496,PEPSI,Fe I,6518.37,2.83,-2.58,85.1
647383581622234496,PEPSI,Fe I,6569.22,4.73,-0.61,93.2
647383581622234496,PEPSI,Fe I,6574.23,0.99,-4.99,38.9
647383581622234496,PEPSI,Fe I,6593.87,2.43,-2.44,104.4
647383581622234496,PEPSI,Fe I,6597.56,4.79,-1.01,65.3
647383581622234496,PEPSI,Fe I,6625.02,1.01,-5.31,25.5
647383581622234496,PEPSI,Fe I,6627.54,4.55,-1.53,50.0
647383581622234496,PEPSI,Fe I,6646.93,2.61,-4.05,20.6
647383581622234496,PEPSI,Fe I,6653.85,4.14,-2.52,23.0
647383581622234496,PEPSI,Fe I,6696.32,2.68,-3.73,118.1
647383581622234496,PEPSI,Fe I,6699.14,4.59,-2.15,18.4
647383581622234496,PEPSI,Fe I,6703.57,2.76,-3.06,56.8
647383581622234496,PEPSI,Fe I,6704.48,4.22,-2.6,13.4
647383581622234496,PEPSI,Fe I,6710.32,1.48,-4.9,22.8
647383581622234496,PEPSI,Fe I,6713.77,4.79,-1.49,37.9
647383581622234496,PEPSI,Fe I,6716.24,4.58,-1.78,32.8
647383581622234496,PEPSI,Fe I,6725.35,4.1,-2.29,33.3
647383581622234496,PEPSI,Fe I,6726.67,4.61,-1.09,70.7
647383581622234496,PEPSI,Fe I,6733.15,4.64,-1.47,45.3
647383581622234496,PEPSI,Fe I,6739.52,1.56,-4.96,18.9
647383581622234496,PEPSI,Fe II,6084.11,3.2,-3.9,45.4
647383581622234496,PEPSI,Fe II,6113.33,3.22,-4.22,61.8
647383581622234496,PEPSI,Fe II,6149.26,3.89,-2.77,63.5
647383581622234496,PEPSI,Fe II,6247.56,3.89,-2.39,89.7
647383581622234496,PEPSI,Fe II,6369.46,2.89,-4.17,44.4
647383581622234496,PEPSI,Fe II,6432.68,2.89,-3.6,71.2
647383581622234496,PEPSI,Fe II,6456.38,3.9,-2.17,93.6
647383581622234496,PEPSI,Fe II,6516.08,2.89,-3.33,95.5
744784953040324864,PEPSI,Fe I,5522.45,4.21,-1.49,74.5
744784953040324864,PEPSI,Fe I,5546.51,4.37,-1.18,104.8
744784953040324864,PEPSI,Fe I,5560.21,4.43,-1.14,76.5
744784953040324864,PEPSI,Fe I,5618.63,4.21,-1.39,72.3
744784953040324864,PEPSI,Fe I,5619.61,4.39,-1.51,78.1
744784953040324864,PEPSI,Fe I,5701.55,2.56,-2.22,155.0
744784953040324864,PEPSI,Fe I,5705.47,4.3,-1.52,75.1
744784953040324864,PEPSI,Fe I,5741.85,4.26,-1.71,66.9
744784953040324864,PEPSI,Fe I,5753.13,4.26,-0.77,108.2
744784953040324864,PEPSI,Fe I,5775.08,4.22,-1.16,96.4
744784953040324864,PEPSI,Fe I,5778.46,2.59,-3.57,77.8
744784953040324864,PEPSI,Fe I,5809.22,3.88,-1.73,105.2
744784953040324864,PEPSI,Fe I,5849.69,3.69,-3.14,36.4
744784953040324864,PEPSI,Fe I,5852.22,4.55,-1.24,110.6
744784953040324864,PEPSI,Fe I,5855.08,4.61,-1.6,52.5
744784953040324864,PEPSI,Fe I,5858.78,4.22,-2.17,39.1
744784953040324864,PEPSI,Fe I,5861.11,4.28,-2.51,33.0
744784953040324864,PEPSI,Fe I,6054.07,4.37,-2.31,36.9
744784953040324864,PEPSI,Fe I,6079.01,4.65,-1.06,77.5
744784953040324864,PEPSI,Fe I,6093.64,4.61,-1.39,65.2
744784953040324864,PEPSI,Fe I,6127.9,4.14,-1.43,90.2
744784953040324864,PEPSI,Fe I,6151.62,2.18,-3.36,103.7
744784953040324864,PEPSI,Fe I,6157.73,4.07,-1.38,112.9
744784953040324864,PEPSI,Fe I,6159.38,4.61,-1.99,49.2
744784953040324864,PEPSI,Fe I,6165.37,4.14,-1.55,78.4
744784953040324864,PEPSI,Fe I,6173.34,2.22,-2.9,131.4
744784953040324864,PEPSI,Fe I,6180.2,2.73,-2.62,126.0
744784953040324864,PEPSI,Fe I,6187.99,3.94,-1.73,93.5
744784953040324864,PEPSI,Fe I,6200.31,2.61,-2.43,134.8
744784953040324864,PEPSI,Fe I,6265.13,2.18,-2.56,182.7
744784953040324864,PEPSI,Fe I,6270.23,2.86,-2.63,106.5
744784953040324864,PEPSI,Fe I,6297.79,2.22,-2.83,139.6
744784953040324864,PEPSI,Fe I,6311.5,2.83,-3.09,75.6
744784953040324864,PEPSI,Fe I,6315.81,4.07,-1.73,74.1
744784953040324864,PEPSI,Fe I,6322.69,2.59,-2.37,145.5
744784953040324864,PEPSI,Fe I,6380.74,4.19,-1.38,112.3
744784953040324864,PEPSI,Fe I,6392.54,2.28,-4.06,67.9
744784953040324864,PEPSI,Fe I,6436.41,4.19,-2.38,54.8
744784953040324864,PEPSI,Fe I,6481.87,2.28,-2.98,139.2
744784953040324864,PEPSI,Fe I,6518.37,2.83,-2.58,109.2
744784953040324864,PEPSI,Fe I,6569.22,4.73,-0.61,136.5
744784953040324864,PEPSI,Fe I,6574.23,0.99,-4.99,102.9
744784953040324864,PEPSI,Fe I,6593.87,2.43,-2.44,147.9
744784953040324864,PEPSI,Fe I,6597.56,4.79,-1.01,75.2
744784953040324864,PEPSI,Fe I,6625.02,1.01,-5.31,175.4
744784953040324864,PEPSI,Fe I,6627.54,4.55,-1.53,74.4
744784953040324864,PEPSI,Fe I,6646.93,2.61,-4.05,67.8
744784953040324864,PEPSI,Fe I,6653.85,4.14,-2.52,41.8
744784953040324864,PEPSI,Fe I,6699.14,4.59,-2.15,35.7
744784953040324864,PEPSI,Fe I,6703.57,2.76,-3.06,93.6
744784953040324864,PEPSI,Fe I,6704.48,4.22,-2.6,30.0
744784953040324864,PEPSI,Fe I,6710.32,1.48,-4.9,93.0
744784953040324864,PEPSI,Fe I,6713.77,4.79,-1.49,52.1
744784953040324864,PEPSI,Fe I,6716.24,4.58,-1.78,68.7
744784953040324864,PEPSI,Fe I,6725.35,4.1,-2.29,54.9
744784953040324864,PEPSI,Fe I,6726.67,4.61,-1.09,82.3
744784953040324864,PEPSI,Fe I,6733.15,4.64,-1.47,60.5
744784953040324864,PEPSI,Fe I,6739.52,1.56,-4.96,65.3
744784953040324864,PEPSI,Fe II,6084.11,3.2,-3.9,33.6
744784953040324864,PEPSI,Fe II,6149.26,3.89,-2.77,34.7
744784953040324864,PEPSI,Fe II,6247.56,3.89,-2.39,40.6
744784953040324864,PEPSI,Fe II,6369.46,2.89,-4.17,19.3
744784953040324864,PEPSI,Fe II,6432.68,2.89,-3.6,35.3
744784953040324864,PEPSI,Fe II,6456.38,3.9,-2.17,51.3
744784953040324864,PEPSI,Fe II,6516.08,2.89,-3.33,97.6
1050440187607443712,PEPSI,Fe I,5522.45,4.21,-1.49,66.0
1050440187607443712,PEPSI,Fe I,5546.51,4.37,-1.18,77.3
1050440187607443712,PEPSI,Fe I,5560.21,4.43,-1.14,73.4
1050440187607443712,PEPSI,Fe I,5577.02,5.03,-1.61,26.1
1050440187607443712,PEPSI,Fe I,5618.63,4.21,-1.39,69.4
1050440187607443712,PEPSI,Fe I,5619.61,4.39,-1.51,65.6
1050440187607443712,PEPSI,Fe I,5635.83,4.26,-1.65,52.4
1050440187607443712,PEPSI,Fe I,5638.26,4.22,-0.83,102.0
1050440187607443712,PEPSI,Fe I,5651.48,4.47,-1.86,39.4
1050440187607443712,PEPSI,Fe I,5652.33,4.26,-1.81,52.2
1050440187607443712,PEPSI,Fe I,5661.35,4.28,-1.91,42.2
1050440187607443712,PEPSI,Fe I,5679.02,4.65,-0.84,83.0
1050440187607443712,PEPSI,Fe I,5701.55,2.56,-2.22,112.7
1050440187607443712,PEPSI,Fe I,5705.47,4.3,-1.52,64.6
1050440187607443712,PEPSI,Fe I,5741.85,4.26,-1.71,56.2
1050440187607443712,PEPSI,Fe I,5753.13,4.26,-0.77,98.3
1050440187607443712,PEPSI,Fe I,5775.08,4.22,-1.16,83.0
1050440187607443712,PEPSI,Fe I,5778.46,2.59,-3.57,50.9
1050440187607443712,PEPSI,Fe I,5809.22,3.88,-1.73,82.9
1050440187607443712,PEPSI,Fe I,5849.69,3.69,-3.14,19.6
1050440187607443712,PEPSI,Fe I,5852.22,4.55,-1.24,68.9
1050440187607443712,PEPSI,Fe I,5855.08,4.61,-1.6,46.2
1050440187607443712,PEPSI,Fe I,5858.78,4.22,-2.17,24.7
1050440187607443712,PEPSI,Fe I,5861.11,4.28,-2.51,21.8
1050440187607443712,PEPSI,Fe I,5905.67,4.65,-0.87,84.5
1050440187607443712,PEPSI,Fe I,5934.65,3.93,-1.26,105.8
1050440187607443712,PEPSI,Fe I,5956.69,0.86,-4.59,79.5
1050440187607443712,PEPSI,Fe I,6027.05,4.08,-1.23,89.5
1050440187607443712,PEPSI,Fe I,6054.07,4.37,-2.31,24.4
1050440187607443712,PEPSI,Fe I,6079.01,4.65,-1.06,71.2
1050440187607443712,PEPSI,Fe I,6082.71,2.22,-3.61,64.8
1050440187607443712,PEPSI,Fe I,6093.64,4.61,-1.39,56.0
1050440187607443712,PEPSI,Fe I,6127.9,4.14,-1.43,77.5
1050440187607443712,PEPSI,Fe I,6151.62,2.18,-3.36,76.3
1050440187607443712,PEPSI,Fe I,6157.73,4.07,-1.38,90.7
1050440187607443712,PEPSI,Fe I,6159.38,4.61,-1.99,31.0
1050440187607443712,PEPSI,Fe I,6165.37,4.14,-1.55,71.9
1050440187607443712,PEPSI,Fe I,6170.51,4.79,-0.46,124.8
1050440187607443712,PEPSI,Fe I,6173.34,2.22,-2.9,97.5
1050440187607443712,PEPSI,Fe I,6180.2,2.73,-2.62,97.4
1050440187607443712,PEPSI,Fe I,6187.99,3.94,-1.73,75.4
1050440187607443712,PEPSI,Fe I,6200.31,2.61,-2.43,103.5
1050440187607443712,PEPSI,Fe I,6213.43,2.22,-2.64,110.9
1050440187607443712,PEPSI,Fe I,6219.28,2.2,-2.51,120.1
1050440187607443712,PEPSI,Fe I,6220.78,3.88,-2.38,41.9
1050440187607443712,PEPSI,Fe I,6226.74,3.88,-2.16,56.9
1050440187607443712,PEPSI,Fe I,6229.23,2.84,-2.92,68.4
1050440187607443712,PEPSI,Fe I,6240.65,2.22,-3.36,77.3
1050440187607443712,PEPSI,Fe I,6265.13,2.18,-2.56,121.3
1050440187607443712,PEPSI,Fe I,6270.23,2.86,-2.63,80.0
1050440187607443712,PEPSI,Fe I,6297.79,2.22,-2.83,105.5
1050440187607443712,PEPSI,Fe I,6311.5,2.83,-3.09,53.6
1050440187607443712,PEPSI,Fe I,6322.69,2.59,-2.37,108.3
1050440187607443712,PEPSI,Fe I,6380.74,4.19,-1.38,83.4
1050440187607443712,PEPSI,Fe I,6392.54,2.28,-4.06,37.9
1050440187607443712,PEPSI,Fe I,6419.95,4.73,-0.38,121.2
1050440187607443712,PEPSI,Fe I,6436.41,4.19,-2.38,26.9
1050440187607443712,PEPSI,Fe I,6481.87,2.28,-2.98,97.8
1050440187607443712,PEPSI,Fe I,6518.37,2.83,-2.58,85.4
1050440187607443712,PEPSI,Fe I,6569.22,4.73,-0.61,105.5
1050440187607443712,PEPSI,Fe I,6574.23,0.99,-4.99,60.4
1050440187607443712,PEPSI,Fe I,6593.87,2.43,-2.44,114.6
1050440187607443712,PEPSI,Fe I,6597.56,4.79,-1.01,68.8
1050440187607443712,PEPSI,Fe I,6608.02,2.28,-4.03,39.6
1050440187607443712,PEPSI,Fe I,6625.02,1.01,-5.31,44.9
1050440187607443712,PEPSI,Fe I,6627.54,4.55,-1.53,57.7
1050440187607443712,PEPSI,Fe I,6646.93,2.61,-4.05,30.5
1050440187607443712,PEPSI,Fe I,6653.85,4.14,-2.52,27.6
1050440187607443712,PEPSI,Fe I,6699.14,4.59,-2.15,22.6
1050440187607443712,PEPSI,Fe I,6703.57,2.76,-3.06,69.0
1050440187607443712,PEPSI,Fe I,6704.48,4.22,-2.6,17.7
1050440187607443712,PEPSI,Fe I,6710.32,1.48,-4.9,42.9
1050440187607443712,PEPSI,Fe I,6713.77,4.79,-1.49,43.8
1050440187607443712,PEPSI,Fe I,6716.24,4.58,-1.78,38.6
1050440187607443712,PEPSI,Fe I,6725.35,4.1,-2.29,40.8
1050440187607443712,PEPSI,Fe I,6726.67,4.61,-1.09,75.6
1050440187607443712,PEPSI,Fe I,6733.15,4.64,-1.47,52.8
1050440187607443712,PEPSI,Fe I,6739.52,1.56,-4.96,29.0
1050440187607443712,PEPSI,Fe II,5991.38,3.15,-3.63,52.6
1050440187607443712,PEPSI,Fe II,6084.11,3.2,-3.9,36.8
1050440187607443712,PEPSI,Fe II,6113.33,3.22,-4.22,59.9
1050440187607443712,PEPSI,Fe II,6149.26,3.89,-2.77,51.8
1050440187607443712,PEPSI,Fe II,6247.56,3.89,-2.39,70.5
1050440187607443712,PEPSI,Fe II,6369.46,2.89,-4.17,31.8
1050440187607443712,PEPSI,Fe II,6432.68,2.89,-3.6,55.4
1050440187607443712,PEPSI,Fe II,6456.38,3.9,-2.17,77.5
1050440187607443712,PEPSI,Fe II,6516.08,2.89,-3.33,72.8
1172246044236127744,HIRES,Fe I,5522.45,4.21,-1.49,77.2
1172246044236127744,HIRES,Fe I,5546.51,4.37,-1.18,111.8
1172246044236127744,HIRES,Fe I,5560.21,4.43,-1.14,75.8
1172246044236127744,HIRES,Fe I,5577.02,5.03,-1.61,31.6
1172246044236127744,HIRES,Fe I,5618.63,4.21,-1.39,72.8
1172246044236127744,HIRES,Fe I,5619.61,4.39,-1.51,81.8
1172246044236127744,HIRES,Fe I,5635.83,4.26,-1.65,57.8
1172246044236127744,HIRES,Fe I,5638.26,4.22,-0.83,111.7
1172246044236127744,HIRES,Fe I,5651.48,4.47,-1.86,46.7
1172246044236127744,HIRES,Fe I,5652.33,4.26,-1.81,64.4
1172246044236127744,HIRES,Fe I,5661.35,4.28,-1.91,60.4
1172246044236127744,HIRES,Fe I,5679.02,4.65,-0.84,85.6
1172246044236127744,HIRES,Fe I,5701.55,2.56,-2.22,156.9
1172246044236127744,HIRES,Fe I,5705.47,4.3,-1.52,76.7
1172246044236127744,HIRES,Fe I,5741.85,4.26,-1.71,66.2
1172246044236127744,HIRES,Fe I,5753.13,4.26,-0.77,108.2
1172246044236127744,HIRES,Fe I,5775.08,4.22,-1.16,95.0
1172246044236127744,HIRES,Fe I,5778.46,2.59,-3.57,79.6
1172246044236127744,HIRES,Fe I,5809.22,3.88,-1.73,104.7
1172246044236127744,HIRES,Fe I,5849.69,3.69,-3.14,38.2
1172246044236127744,HIRES,Fe I,5852.22,4.55,-1.24,113.5
1172246044236127744,HIRES,Fe I,5855.08,4.61,-1.6,51.8
1172246044236127744,HIRES,Fe I,5858.78,4.22,-2.17,36.1
1172246044236127744,HIRES,Fe I,5861.11,4.28,-2.51,32.5
1172246044236127744,HIRES,Fe I,5905.67,4.65,-0.87,90.2
1172246044236127744,HIRES,Fe I,5934.65,3.93,-1.26,124.0
1172246044236127744,HIRES,Fe I,5956.69,0.86,-4.59,117.4
1172246044236127744,HIRES,Fe I,6027.05,4.08,-1.23,100.3
1172246044236127744,HIRES,Fe I,6054.07,4.37,-2.31,36.6
1172246044236127744,HIRES,Fe I,6079.01,4.65,-1.06,77.9
1172246044236127744,HIRES,Fe I,6093.64,4.61,-1.39,70.9
1172246044236127744,HIRES,Fe I,6127.9,4.14,-1.43,95.7
1172246044236127744,HIRES,Fe I,6151.62,2.18,-3.36,107.2
1172246044236127744,HIRES,Fe I,6157.73,4.07,-1.38,112.0
1172246044236127744,HIRES,Fe I,6159.38,4.61,-1.99,48.8
1172246044236127744,HIRES,Fe I,6165.37,4.14,-1.55,79.2
1172246044236127744,HIRES,Fe I,6173.34,2.22,-2.9,134.6
1172246044236127744,HIRES,Fe I,6180.2,2.73,-2.62,135.4
1172246044236127744,HIRES,Fe I,6187.99,3.94,-1.73,90.3
1172246044236127744,HIRES,Fe I,6200.31,2.61,-2.43,140.0
1172246044236127744,HIRES,Fe I,6219.28,2.2,-2.51,152.0
1172246044236127744,HIRES,Fe I,6226.74,3.88,-2.16,64.2
1172246044236127744,HIRES,Fe I,6229.23,2.84,-2.92,107.8
1172246044236127744,HIRES,Fe I,6265.13,2.18,-2.56,179.6
1172246044236127744,HIRES,Fe I,6270.23,2.86,-2.63,104.3
1172246044236127744,HIRES,Fe I,6297.79,2.22,-2.83,143.6
1172246044236127744,HIRES,Fe I,6311.5,2.83,-3.09,130.5
1172246044236127744,HIRES,Fe I,6315.81,4.07,-1.73,70.9
1172246044236127744,HIRES,Fe I,6322.69,2.59,-2.37,140.3
1172246044236127744,HIRES,Fe I,6380.74,4.19,-1.38,107.2
1172246044236127744,HIRES,Fe I,6392.54,2.28,-4.06,64.2
1172246044236127744,HIRES,Fe I,6569.22,4.73,-0.61,132.4
1172246044236127744,HIRES,Fe I,6574.23,0.99,-4.99,104.9
1172246044236127744,HIRES,Fe I,6593.87,2.43,-2.44,154.2
1172246044236127744,HIRES,Fe I,6597.56,4.79,-1.01,70.6
1172246044236127744,HIRES,Fe I,6608.02,2.28,-4.03,74.9
1172246044236127744,HIRES,Fe I,6625.02,1.01,-5.31,174.4
1172246044236127744,HIRES,Fe I,6627.54,4.55,-1.53,73.9
1172246044236127744,HIRES,Fe I,6646.93,2.61,-4.05,77.1
1172246044236127744,HIRES,Fe I,6653.85,4.14,-2.52,40.0
1172246044236127744,HIRES,Fe I,6699.14,4.59,-2.15,34.4
1172246044236127744,HIRES,Fe I,6703.57,2.76,-3.06,98.1
1172246044236127744,HIRES,Fe I,6704.48,4.22,-2.6,29.0
1172246044236127744,HIRES,Fe I,6710.32,1.48,-4.9,107.3
1172246044236127744,HIRES,Fe I,6713.77,4.79,-1.49,49.7
1172246044236127744,HIRES,Fe I,6716.24,4.58,-1.78,67.9
1172246044236127744,HIRES,Fe I,6725.35,4.1,-2.29,54.7
1172246044236127744,HIRES,Fe I,6726.67,4.61,-1.09,81.4
1172246044236127744,HIRES,Fe I,6733.15,4.64,-1.47,59.4
1172246044236127744,HIRES,Fe I,6739.52,1.56,-4.96,62.0
1172246044236127744,HIRES,Fe II,6084.11,3.2,-3.9,35.2
1172246044236127744,HIRES,Fe II,6149.26,3.89,-2.77,34.6
1172246044236127744,HIRES,Fe II,6247.56,3.89,-2.39,42.3
1172246044236127744,HIRES,Fe II,6369.46,2.89,-4.17,17.4
1289565687269465600,PEPSI,Fe I,5522.45,4.21,-1.49,64.5
1289565687269465600,PEPSI,Fe I,5546.51,4.37,-1.18,74.7
1289565687269465600,PEPSI,Fe I,5560.21,4.43,-1.14,72.7
1289565687269465600,PEPSI,Fe I,5577.02,5.03,-1.61,26.0
1289565687269465600,PEPSI,Fe I,5618.63,4.21,-1.39,68.4
1289565687269465600,PEPSI,Fe I,5619.61,4.39,-1.51,64.6
1289565687269465600,PEPSI,Fe I,5635.83,4.26,-1.65,50.5
1289565687269465600,PEPSI,Fe I,5638.26,4.22,-0.83,100.2
1289565687269465600,PEPSI,Fe I,5651.48,4.47,-1.86,38.2
1289565687269465600,PEPSI,Fe I,5652.33,4.26,-1.81,51.1
1289565687269465600,PEPSI,Fe I,5661.35,4.28,-1.91,40.8
1289565687269465600,PEPSI,Fe I,5679.02,4.65,-0.84,81.0
1289565687269465600,PEPSI,Fe I,5701.55,2.56,-2.22,110.4
1289565687269465600,PEPSI,Fe I,5705.47,4.3,-1.52,60.4
1289565687269465600,PEPSI,Fe I,5741.85,4.26,-1.71,53.6
1289565687269465600,PEPSI,Fe I,5753.13,4.26,-0.77,97.8
1289565687269465600,PEPSI,Fe I,5775.08,4.22,-1.16,82.1
1289565687269465600,PEPSI,Fe I,5778.46,2.59,-3.57,46.8
1289565687269465600,PEPSI,Fe I,5809.22,3.88,-1.73,80.7
1289565687269465600,PEPSI,Fe I,5849.69,3.69,-3.14,18.0
1289565687269465600,PEPSI,Fe I,5852.22,4.55,-1.24,65.7
1289565687269465600,PEPSI,Fe I,5855.08,4.61,-1.6,43.9
1289565687269465600,PEPSI,Fe I,5858.78,4.22,-2.17,24.8
1289565687269465600,PEPSI,Fe I,5861.11,4.28,-2.51,19.1
1289565687269465600,PEPSI,Fe I,5905.67,4.65,-0.87,81.5
1289565687269465600,PEPSI,Fe I,5934.65,3.93,-1.26,105.4
1289565687269465600,PEPSI,Fe I,5956.69,0.86,-4.59,77.5
1289565687269465600,PEPSI,Fe I,6027.05,4.08,-1.23,87.9
1289565687269465600,PEPSI,Fe I,6054.07,4.37,-2.31,22.0
1289565687269465600,PEPSI,Fe I,6079.01,4.65,-1.06,69.0
1289565687269465600,PEPSI,Fe I,6082.71,2.22,-3.61,60.7
1289565687269465600,PEPSI,Fe I,6093.64,4.61,-1.39,54.3
1289565687269465600,PEPSI,Fe I,6127.9,4.14,-1.43,75.7
1289565687269465600,PEPSI,Fe I,6151.62,2.18,-3.36,74.0
1289565687269465600,PEPSI,Fe I,6157.73,4.07,-1.38,87.3
1289565687269465600,PEPSI,Fe I,6159.38,4.61,-1.99,28.1
1289565687269465600,PEPSI,Fe I,6165.37,4.14,-1.55,68.7
1289565687269465600,PEPSI,Fe I,6170.51,4.79,-0.46,122.4
1289565687269465600,PEPSI,Fe I,6173.34,2.22,-2.9,95.5
1289565687269465600,PEPSI,Fe I,6180.2,2.73,-2.62,90.8
1289565687269465600,PEPSI,Fe I,6187.99,3.94,-1.73,73.7
1289565687269465600,PEPSI,Fe I,6200.31,2.61,-2.43,102.3
1289565687269465600,PEPSI,Fe I,6213.43,2.22,-2.64,109.8
1289565687269465600,PEPSI,Fe I,6219.28,2.2,-2.51,116.6
1289565687269465600,PEPSI,Fe I,6220.78,3.88,-2.38,41.1
1289565687269465600,PEPSI,Fe I,6226.74,3.88,-2.16,54.1
1289565687269465600,PEPSI,Fe I,6229.23,2.84,-2.92,66.0
1289565687269465600,PEPSI,Fe I,6240.65,2.22,-3.36,74.8
1289565687269465600,PEPSI,Fe I,6265.13,2.18,-2.56,118.0
1289565687269465600,PEPSI,Fe I,6270.23,2.86,-2.63,77.6
1289565687269465600,PEPSI,Fe I,6297.79,2.22,-2.83,103.6
1289565687269465600,PEPSI,Fe I,6311.5,2.83,-3.09,91.2
1289565687269465600,PEPSI,Fe I,6315.81,4.07,-1.73,69.1
1289565687269465600,PEPSI,Fe I,6322.69,2.59,-2.37,105.2
1289565687269465600,PEPSI,Fe I,6380.74,4.19,-1.38,80.5
1289565687269465600,PEPSI,Fe I,6392.54,2.28,-4.06,34.8
1289565687269465600,PEPSI,Fe I,6419.95,4.73,-0.38,118.8
1289565687269465600,PEPSI,Fe I,6436.41,4.19,-2.38,29.4
1289565687269465600,PEPSI,Fe I,6481.87,2.28,-2.98,92.6
1289565687269465600,PEPSI,Fe I,6518.37,2.83,-2.58,78.1
1289565687269465600,PEPSI,Fe I,6569.22,4.73,-0.61,100.9
1289565687269465600,PEPSI,Fe I,6574.23,0.99,-4.99,56.7
1289565687269465600,PEPSI,Fe I,6593.87,2.43,-2.44,113.3
1289565687269465600,PEPSI,Fe I,6597.56,4.79,-1.01,66.2
1289565687269465600,PEPSI,Fe I,6608.02,2.28,-4.03,38.6
1289565687269465600,PEPSI,Fe I,6625.02,1.01,-5.31,39.8
1289565687269465600,PEPSI,Fe I,6627.54,4.55,-1.53,56.1
1289565687269465600,PEPSI,Fe I,6646.93,2.61,-4.05,27.0
1289565687269465600,PEPSI,Fe I,6653.85,4.14,-2.52,25.2
1289565687269465600,PEPSI,Fe I,6696.32,2.68,-3.73,133.0
1289565687269465600,PEPSI,Fe I,6699.14,4.59,-2.15,21.2
1289565687269465600,PEPSI,Fe I,6703.57,2.76,-3.06,65.7
1289565687269465600,PEPSI,Fe I,6704.48,4.22,-2.6,15.9
1289565687269465600,PEPSI,Fe I,6710.32,1.48,-4.9,39.0
1289565687269465600,PEPSI,Fe I,6713.77,4.79,-1.49,42.9
1289565687269465600,PEPSI,Fe I,6716.24,4.58,-1.78,38.4
1289565687269465600,PEPSI,Fe I,6725.35,4.1,-2.29,36.2
1289565687269465600,PEPSI,Fe I,6726.67,4.61,-1.09,71.0
1289565687269465600,PEPSI,Fe I,6733.15,4.64,-1.47,51.0
1289565687269465600,PEPSI,Fe I,6739.52,1.56,-4.96,25.1
1289565687269465600,PEPSI,Fe II,5991.38,3.15,-3.63,55.3
1289565687269465600,PEPSI,Fe II,6084.11,3.2,-3.9,35.0
1289565687269465600,PEPSI,Fe II,6113.33,3.22,-4.22,57.4
1289565687269465600,PEPSI,Fe II,6149.26,3.89,-2.77,50.3
1289565687269465600,PEPSI,Fe II,6247.56,3.89,-2.39,69.1
1289565687269465600,PEPSI,Fe II,6369.46,2.89,-4.17,31.9
1289565687269465600,PEPSI,Fe II,6432.68,2.89,-3.6,56.2
1289565687269465600,PEPSI,Fe II,6456.38,3.9,-2.17,74.5
1289565687269465600,PEPSI,Fe II,6516.08,2.89,-3.33,68.7
1291436403222476928,APF,Fe I,5522.45,4.21,-1.49,82.6
1291436403222476928,APF,Fe I,5546.51,4.37,-1.18,135.4
1291436403222476928,APF,Fe I,5560.21,4.43,-1.14,82.6
1291436403222476928,APF,Fe I,5577.02,5.03,-1.61,38.8
1291436403222476928,APF,Fe I,5618.63,4.21,-1.39,83.3
1291436403222476928,APF,Fe I,5635.83,4.26,-1.65,69.3
1291436403222476928,APF,Fe I,5638.26,4.22,-0.83,127.8
1291436403222476928,APF,Fe I,5651.48,4.47,-1.86,61.0
1291436403222476928,APF,Fe I,5652.33,4.26,-1.81,79.9
1291436403222476928,APF,Fe I,5661.35,4.28,-1.91,80.6
1291436403222476928,APF,Fe I,5679.02,4.65,-0.84,91.5
1291436403222476928,APF,Fe I,5701.55,2.56,-2.22,181.7
1291436403222476928,APF,Fe I,5705.47,4.3,-1.52,85.8
1291436403222476928,APF,Fe I,5741.85,4.26,-1.71,77.6
1291436403222476928,APF,Fe I,5775.08,4.22,-1.16,106.8
1291436403222476928,APF,Fe I,5778.46,2.59,-3.57,103.9
1291436403222476928,APF,Fe I,5809.22,3.88,-1.73,126.2
1291436403222476928,APF,Fe I,5849.69,3.69,-3.14,50.8
1291436403222476928,APF,Fe I,5852.22,4.55,-1.24,158.2
1291436403222476928,APF,Fe I,5855.08,4.61,-1.6,64.7
1291436403222476928,APF,Fe I,5858.78,4.22,-2.17,45.5
1291436403222476928,APF,Fe I,5861.11,4.28,-2.51,43.3
1291436403222476928,APF,Fe I,5905.67,4.65,-0.87,99.8
1291436403222476928,APF,Fe I,5934.65,3.93,-1.26,156.0
1291436403222476928,APF,Fe I,5956.69,0.86,-4.59,164.7
1291436403222476928,APF,Fe I,6027.05,4.08,-1.23,116.7
1291436403222476928,APF,Fe I,6079.01,4.65,-1.06,87.4
1291436403222476928,APF,Fe I,6093.64,4.61,-1.39,83.9
1291436403222476928,APF,Fe I,6151.62,2.18,-3.36,132.5
1291436403222476928,APF,Fe I,6157.73,4.07,-1.38,148.1
1291436403222476928,APF,Fe I,6159.38,4.61,-1.99,61.1
1291436403222476928,APF,Fe I,6165.37,4.14,-1.55,104.3
1291436403222476928,APF,Fe I,6173.34,2.22,-2.9,172.3
1291436403222476928,APF,Fe I,6180.2,2.73,-2.62,177.8
1291436403222476928,APF,Fe I,6187.99,3.94,-1.73,104.2
1291436403222476928,APF,Fe I,6200.31,2.61,-2.43,166.5
1291436403222476928,APF,Fe I,6219.28,2.2,-2.51,191.8
1291436403222476928,APF,Fe I,6226.74,3.88,-2.16,74.3
1291436403222476928,APF,Fe I,6229.23,2.84,-2.92,119.6
1291436403222476928,APF,Fe I,6270.23,2.86,-2.63,129.4
1291436403222476928,APF,Fe I,6297.79,2.22,-2.83,181.6
1291436403222476928,APF,Fe I,6322.69,2.59,-2.37,176.0
1291436403222476928,APF,Fe I,6380.74,4.19,-1.38,135.0
1291436403222476928,APF,Fe I,6436.41,4.19,-2.38,71.1
1291436403222476928,APF,Fe I,6481.87,2.28,-2.98,181.0
1291436403222476928,APF,Fe I,6569.22,4.73,-0.61,180.9
1291436403222476928,APF,Fe I,6574.23,0.99,-4.99,141.8
1291436403222476928,APF,Fe I,6593.87,2.43,-2.44,190.9
1291436403222476928,APF,Fe I,6597.56,4.79,-1.01,83.7
1291436403222476928,APF,Fe I,6608.02,2.28,-4.03,121.4
1291436403222476928,APF,Fe I,6627.54,4.55,-1.53,94.9
1291436403222476928,APF,Fe I,6646.93,2.61,-4.05,104.5
1291436403222476928,APF,Fe I,6653.85,4.14,-2.52,55.5
1291436403222476928,APF,Fe I,6703.57,2.76,-3.06,158.6
1291436403222476928,APF,Fe I,6704.48,4.22,-2.6,32.4
1291436403222476928,APF,Fe I,6710.32,1.48,-4.9,148.6
1291436403222476928,APF,Fe I,6713.77,4.79,-1.49,62.4
1291436403222476928,APF,Fe I,6716.24,4.58,-1.78,103.8
1291436403222476928,APF,Fe I,6725.35,4.1,-2.29,72.9
1291436403222476928,APF,Fe I,6726.67,4.61,-1.09,88.9
1291436403222476928,APF,Fe I,6733.15,4.64,-1.47,79.7
1291436403222476928,APF,Fe I,6739.52,1.56,-4.96,90.7
1291436403222476928,APF,Fe II,6149.26,3.89,-2.77,52.5
1291436403222476928,APF,Fe II,6247.56,3.89,-2.39,52.4
1291436403222476928,APF,Fe II,6369.46,2.89,-4.17,28.0
1291436403222476928,APF,Fe II,6432.68,2.89,-3.6,43.0
1291436403222476928,APF,Fe II,6456.38,3.9,-2.17,65.9
1291436403222476928,APF,Fe II,6516.08,2.89,-3.33,119.2
1291436403222476928,HIRES,Fe I,5522.45,4.21,-1.49,90.8
1291436403222476928,HIRES,Fe I,5546.51,4.37,-1.18,138.6
1291436403222476928,HIRES,Fe I,5560.21,4.43,-1.14,83.4
1291436403222476928,HIRES,Fe I,5577.02,5.03,-1.61,36.5
1291436403222476928,HIRES,Fe I,5618.63,4.21,-1.39,82.0
1291436403222476928,HIRES,Fe I,5635.83,4.26,-1.65,67.2
1291436403222476928,HIRES,Fe I,5638.26,4.22,-0.83,119.3
1291436403222476928,HIRES,Fe I,5651.48,4.47,-1.86,56.1
1291436403222476928,HIRES,Fe I,5652.33,4.26,-1.81,72.9
1291436403222476928,HIRES,Fe I,5661.35,4.28,-1.91,78.2
1291436403222476928,HIRES,Fe I,5679.02,4.65,-0.84,91.4
1291436403222476928,HIRES,Fe I,5701.55,2.56,-2.22,187.9
1291436403222476928,HIRES,Fe I,5705.47,4.3,-1.52,86.6
1291436403222476928,HIRES,Fe I,5741.85,4.26,-1.71,73.6
1291436403222476928,HIRES,Fe I,5775.08,4.22,-1.16,107.2
1291436403222476928,HIRES,Fe I,5778.46,2.59,-3.57,104.3
1291436403222476928,HIRES,Fe I,5809.22,3.88,-1.73,122.0
1291436403222476928,HIRES,Fe I,5849.69,3.69,-3.14,50.1
1291436403222476928,HIRES,Fe I,5852.22,4.55,-1.24,155.8
1291436403222476928,HIRES,Fe I,5855.08,4.61,-1.6,58.5
1291436403222476928,HIRES,Fe I,5858.78,4.22,-2.17,42.8
1291436403222476928,HIRES,Fe I,5861.11,4.28,-2.51,42.6
1291436403222476928,HIRES,Fe I,5905.67,4.65,-0.87,98.0
1291436403222476928,HIRES,Fe I,5934.65,3.93,-1.26,143.0
1291436403222476928,HIRES,Fe I,5956.69,0.86,-4.59,156.4
1291436403222476928,HIRES,Fe I,6027.05,4.08,-1.23,114.8
1291436403222476928,HIRES,Fe I,6079.01,4.65,-1.06,91.5
1291436403222476928,HIRES,Fe I,6093.64,4.61,-1.39,90.5
1291436403222476928,HIRES,Fe I,6151.62,2.18,-3.36,133.2
1291436403222476928,HIRES,Fe I,6157.73,4.07,-1.38,150.4
1291436403222476928,HIRES,Fe I,6159.38,4.61,-1.99,60.0
1291436403222476928,HIRES,Fe I,6165.37,4.14,-1.55,95.3
1291436403222476928,HIRES,Fe I,6173.34,2.22,-2.9,167.3
1291436403222476928,HIRES,Fe I,6180.2,2.73,-2.62,180.8
1291436403222476928,HIRES,Fe I,6187.99,3.94,-1.73,100.5
1291436403222476928,HIRES,Fe I,6200.31,2.61,-2.43,157.2
1291436403222476928,HIRES,Fe I,6219.28,2.2,-2.51,184.3
1291436403222476928,HIRES,Fe I,6226.74,3.88,-2.16,74.3
1291436403222476928,HIRES,Fe I,6229.23,2.84,-2.92,123.8
1291436403222476928,HIRES,Fe I,6270.23,2.86,-2.63,129.3
1291436403222476928,HIRES,Fe I,6297.79,2.22,-2.83,177.4
1291436403222476928,HIRES,Fe I,6311.5,2.83,-3.09,157.9
1291436403222476928,HIRES,Fe I,6315.81,4.07,-1.73,86.2
1291436403222476928,HIRES,Fe I,6322.69,2.59,-2.37,169.6
1291436403222476928,HIRES,Fe I,6380.74,4.19,-1.38,132.1
1291436403222476928,HIRES,Fe I,6569.22,4.73,-0.61,163.8
1291436403222476928,HIRES,Fe I,6574.23,0.99,-4.99,142.0
1291436403222476928,HIRES,Fe I,6593.87,2.43,-2.44,179.5
1291436403222476928,HIRES,Fe I,6597.56,4.79,-1.01,76.6
1291436403222476928,HIRES,Fe I,6608.02,2.28,-4.03,117.3
1291436403222476928,HIRES,Fe I,6627.54,4.55,-1.53,87.9
1291436403222476928,HIRES,Fe I,6646.93,2.61,-4.05,106.7
1291436403222476928,HIRES,Fe I,6653.85,4.14,-2.52,49.9
1291436403222476928,HIRES,Fe I,6699.14,4.59,-2.15,42.7
1291436403222476928,HIRES,Fe I,6703.57,2.76,-3.06,127.9
1291436403222476928,HIRES,Fe I,6704.48,4.22,-2.6,33.3
1291436403222476928,HIRES,Fe I,6710.32,1.48,-4.9,147.4
1291436403222476928,HIRES,Fe I,6713.77,4.79,-1.49,58.0
1291436403222476928,HIRES,Fe I,6716.24,4.58,-1.78,99.1
1291436403222476928,HIRES,Fe I,6725.35,4.1,-2.29,64.4
1291436403222476928,HIRES,Fe I,6726.67,4.61,-1.09,83.7
1291436403222476928,HIRES,Fe I,6733.15,4.64,-1.47,64.8
1291436403222476928,HIRES,Fe I,6739.52,1.56,-4.96,85.3
1291436403222476928,HIRES,Fe II,6149.26,3.89,-2.77,46.7
1291436403222476928,HIRES,Fe II,6247.56,3.89,-2.39,55.6
1291436403222476928,HIRES,Fe II,6369.46,2.89,-4.17,23.3
1315367857917145856,PEPSI,Fe I,5522.45,4.21,-1.49,66.0
1315367857917145856,PEPSI,Fe I,5546.51,4.37,-1.18,80.4
1315367857917145856,PEPSI,Fe I,5560.21,4.43,-1.14,75.0
1315367857917145856,PEPSI,Fe I,5577.02,5.03,-1.61,25.5
1315367857917145856,PEPSI,Fe I,5618.63,4.21,-1.39,70.5
1315367857917145856,PEPSI,Fe I,5619.61,4.39,-1.51,64.3
1315367857917145856,PEPSI,Fe I,5635.83,4.26,-1.65,51.7
1315367857917145856,PEPSI,Fe I,5638.26,4.22,-0.83,104.2
1315367857917145856,PEPSI,Fe I,5651.48,4.47,-1.86,38.4
1315367857917145856,PEPSI,Fe I,5652.33,4.26,-1.81,54.5
1315367857917145856,PEPSI,Fe I,5661.35,4.28,-1.91,43.2
1315367857917145856,PEPSI,Fe I,5679.02,4.65,-0.84,85.1
1315367857917145856,PEPSI,Fe I,5701.55,2.56,-2.22,116.1
1315367857917145856,PEPSI,Fe I,5705.47,4.3,-1.52,65.2
1315367857917145856,PEPSI,Fe I,5741.85,4.26,-1.71,59.7
1315367857917145856,PEPSI,Fe I,5753.13,4.26,-0.77,97.5
1315367857917145856,PEPSI,Fe I,5775.08,4.22,-1.16,84.8
1315367857917145856,PEPSI,Fe I,5778.46,2.59,-3.57,51.4
1315367857917145856,PEPSI,Fe I,5809.22,3.88,-1.73,81.8
1315367857917145856,PEPSI,Fe I,5849.69,3.69,-3.14,21.7
1315367857917145856,PEPSI,Fe I,5852.22,4.55,-1.24,68.9
1315367857917145856,PEPSI,Fe I,5855.08,4.61,-1.6,46.5
1315367857917145856,PEPSI,Fe I,5858.78,4.22,-2.17,28.2
1315367857917145856,PEPSI,Fe I,5861.11,4.28,-2.51,21.8
1315367857917145856,PEPSI,Fe I,5905.67,4.65,-0.87,82.2
1315367857917145856,PEPSI,Fe I,5934.65,3.93,-1.26,104.2
1315367857917145856,PEPSI,Fe I,5956.69,0.86,-4.59,81.4
1315367857917145856,PEPSI,Fe I,6027.05,4.08,-1.23,92.9
1315367857917145856,PEPSI,Fe I,6054.07,4.37,-2.31,24.2
1315367857917145856,PEPSI,Fe I,6079.01,4.65,-1.06,71.4
1315367857917145856,PEPSI,Fe I,6082.71,2.22,-3.61,64.6
1315367857917145856,PEPSI,Fe I,6093.64,4.61,-1.39,57.6
1315367857917145856,PEPSI,Fe I,6127.9,4.14,-1.43,79.7
1315367857917145856,PEPSI,Fe I,6151.62,2.18,-3.36,79.9
1315367857917145856,PEPSI,Fe I,6157.73,4.07,-1.38,92.5
1315367857917145856,PEPSI,Fe I,6159.38,4.61,-1.99,31.5
1315367857917145856,PEPSI,Fe I,6165.37,4.14,-1.55,71.8
1315367857917145856,PEPSI,Fe I,6170.51,4.79,-0.46,124.7
1315367857917145856,PEPSI,Fe I,6173.34,2.22,-2.9,101.8
1315367857917145856,PEPSI,Fe I,6180.2,2.73,-2.62,98.3
1315367857917145856,PEPSI,Fe I,6187.99,3.94,-1.73,76.2
1315367857917145856,PEPSI,Fe I,6200.31,2.61,-2.43,106.9
1315367857917145856,PEPSI,Fe I,6213.43,2.22,-2.64,114.0
1315367857917145856,PEPSI,Fe I,6219.28,2.2,-2.51,123.8
1315367857917145856,PEPSI,Fe I,6220.78,3.88,-2.38,42.3
1315367857917145856,PEPSI,Fe I,6226.74,3.88,-2.16,57.1
1315367857917145856,PEPSI,Fe I,6229.23,2.84,-2.92,74.0
1315367857917145856,PEPSI,Fe I,6240.65,2.22,-3.36,78.8
1315367857917145856,PEPSI,Fe I,6265.13,2.18,-2.56,121.3
1315367857917145856,PEPSI,Fe I,6270.23,2.86,-2.63,81.4
1315367857917145856,PEPSI,Fe I,6297.79,2.22,-2.83,104.3
1315367857917145856,PEPSI,Fe I,6311.5,2.83,-3.09,58.1
1315367857917145856,PEPSI,Fe I,6315.81,4.07,-1.73,68.5
1315367857917145856,PEPSI,Fe I,6322.69,2.59,-2.37,111.0
1315367857917145856,PEPSI,Fe I,6380.74,4.19,-1.38,85.1
1315367857917145856,PEPSI,Fe I,6392.54,2.28,-4.06,40.2
1315367857917145856,PEPSI,Fe I,6419.95,4.73,-0.38,125.8
1315367857917145856,PEPSI,Fe I,6436.41,4.19,-2.38,30.2
1315367857917145856,PEPSI,Fe I,6481.87,2.28,-2.98,98.4
1315367857917145856,PEPSI,Fe I,6518.37,2.83,-2.58,85.9
1315367857917145856,PEPSI,Fe I,6569.22,4.73,-0.61,107.0
1315367857917145856,PEPSI,Fe I,6574.23,0.99,-4.99,62.3
1315367857917145856,PEPSI,Fe I,6593.87,2.43,-2.44,117.6
1315367857917145856,PEPSI,Fe I,6597.56,4.79,-1.01,71.1
1315367857917145856,PEPSI,Fe I,6608.02,2.28,-4.03,42.0
1315367857917145856,PEPSI,Fe I,6625.02,1.01,-5.31,50.6
1315367857917145856,PEPSI,Fe I,6627.54,4.55,-1.53,55.0
1315367857917145856,PEPSI,Fe I,6646.93,2.61,-4.05,33.3
1315367857917145856,PEPSI,Fe I,6653.85,4.14,-2.52,28.7
1315367857917145856,PEPSI,Fe I,6696.32,2.68,-3.73,152.0
1315367857917145856,PEPSI,Fe I,6699.14,4.59,-2.15,24.5
1315367857917145856,PEPSI,Fe I,6703.57,2.76,-3.06,69.4
1315367857917145856,PEPSI,Fe I,6704.48,4.22,-2.6,20.0
1315367857917145856,PEPSI,Fe I,6710.32,1.48,-4.9,43.2
1315367857917145856,PEPSI,Fe I,6713.77,4.79,-1.49,47.6
1315367857917145856,PEPSI,Fe I,6716.24,4.58,-1.78,40.5
1315367857917145856,PEPSI,Fe I,6725.35,4.1,-2.29,43.7
1315367857917145856,PEPSI,Fe I,6726.67,4.61,-1.09,76.4
1315367857917145856,PEPSI,Fe I,6733.15,4.64,-1.47,53.7
1315367857917145856,PEPSI,Fe I,6739.52,1.56,-4.96,29.8
1315367857917145856,PEPSI,Fe II,5991.38,3.15,-3.63,54.2
1315367857917145856,PEPSI,Fe II,6084.11,3.2,-3.9,42.2
1315367857917145856,PEPSI,Fe II,6113.33,3.22,-4.22,60.9
1315367857917145856,PEPSI,Fe II,6149.26,3.89,-2.77,55.8
1315367857917145856,PEPSI,Fe II,6247.56,3.89,-2.39,76.4
1315367857917145856,PEPSI,Fe II,6369.46,2.89,-4.17,39.3
1315367857917145856,PEPSI,Fe II,6432.68,2.89,-3.6,63.2
1315367857917145856,PEPSI,Fe II,6456.38,3.9,-2.17,84.6
1315367857917145856,PEPSI,Fe II,6516.08,2.89,-3.33,89.3
1344347754609974912,APF,Fe I,5522.45,4.21,-1.49,58.0
1344347754609974912,APF,Fe I,5560.21,4.43,-1.14,73.4
1344347754609974912,APF,Fe I,5618.63,4.21,-1.39,63.8
1344347754609974912,APF,Fe I,5619.61,4.39,-1.51,64.5
1344347754609974912,APF,Fe I,5635.83,4.26,-1.65,44.5
1344347754609974912,APF,Fe I,5638.26,4.22,-0.83,112.4
1344347754609974912,APF,Fe I,5651.48,4.47,-1.86,14.4
1344347754609974912,APF,Fe I,5652.33,4.26,-1.81,41.9
1344347754609974912,APF,Fe I,5661.35,4.28,-1.91,17.3
1344347754609974912,APF,Fe I,5679.02,4.65,-0.84,86.9
1344347754609974912,APF,Fe I,5741.85,4.26,-1.71,54.6
1344347754609974912,APF,Fe I,5753.13,4.26,-0.77,115.4
1344347754609974912,APF,Fe I,5775.08,4.22,-1.16,96.0
1344347754609974912,APF,Fe I,5778.46,2.59,-3.57,42.7
1344347754609974912,APF,Fe I,5809.22,3.88,-1.73,82.5
1344347754609974912,APF,Fe I,5852.22,4.55,-1.24,68.4
1344347754609974912,APF,Fe I,5855.08,4.61,-1.6,35.9
1344347754609974912,APF,Fe I,5861.11,4.28,-2.51,15.3
1344347754609974912,APF,Fe I,5905.67,4.65,-0.87,85.5
1344347754609974912,APF,Fe I,5934.65,3.93,-1.26,109.1
1344347754609974912,APF,Fe I,5956.69,0.86,-4.59,69.9
1344347754609974912,APF,Fe I,6027.05,4.08,-1.23,100.8
1344347754609974912,APF,Fe I,6054.07,4.37,-2.31,44.5
1344347754609974912,APF,Fe I,6082.71,2.22,-3.61,66.5
1344347754609974912,APF,Fe I,6093.64,4.61,-1.39,49.9
1344347754609974912,APF,Fe I,6127.9,4.14,-1.43,83.4
1344347754609974912,APF,Fe I,6151.62,2.18,-3.36,66.3
1344347754609974912,APF,Fe I,6157.73,4.07,-1.38,111.1
1344347754609974912,APF,Fe I,6159.38,4.61,-1.99,17.6
1344347754609974912,APF,Fe I,6165.37,4.14,-1.55,74.7
1344347754609974912,APF,Fe I,6170.51,4.79,-0.46,129.7
1344347754609974912,APF,Fe I,6173.34,2.22,-2.9,107.8
1344347754609974912,APF,Fe I,6180.2,2.73,-2.62,100.5
1344347754609974912,APF,Fe I,6187.99,3.94,-1.73,67.6
1344347754609974912,APF,Fe I,6200.31,2.61,-2.43,109.7
1344347754609974912,APF,Fe I,6213.43,2.22,-2.64,110.6
1344347754609974912,APF,Fe I,6219.28,2.2,-2.51,118.9
1344347754609974912,APF,Fe I,6226.74,3.88,-2.16,61.3
1344347754609974912,APF,Fe I,6229.23,2.84,-2.92,56.9
1344347754609974912,APF,Fe I,6265.13,2.18,-2.56,129.4
1344347754609974912,APF,Fe I,6270.23,2.86,-2.63,100.3
1344347754609974912,APF,Fe I,6297.79,2.22,-2.83,105.3
1344347754609974912,APF,Fe I,6311.5,2.83,-3.09,58.8
1344347754609974912,APF,Fe I,6322.69,2.59,-2.37,138.1
1344347754609974912,APF,Fe I,6380.74,4.19,-1.38,91.2
1344347754609974912,APF,Fe I,6392.54,2.28,-4.06,25.4
1344347754609974912,APF,Fe I,6419.95,4.73,-0.38,141.2
1344347754609974912,APF,Fe I,6481.87,2.28,-2.98,112.7
1344347754609974912,APF,Fe I,6569.22,4.73,-0.61,111.0
1344347754609974912,APF,Fe I,6574.23,0.99,-4.99,42.1
1344347754609974912,APF,Fe I,6593.87,2.43,-2.44,109.8
1344347754609974912,APF,Fe I,6597.56,4.79,-1.01,74.9
1344347754609974912,APF,Fe I,6608.02,2.28,-4.03,10.3
1344347754609974912,APF,Fe I,6634.11,4.79,-1.08,125.2
1344347754609974912,APF,Fe I,6646.93,2.61,-4.05,18.2
1344347754609974912,APF,Fe I,6696.32,2.68,-3.73,100.8
1344347754609974912,APF,Fe I,6703.57,2.76,-3.06,72.4
1344347754609974912,APF,Fe I,6704.48,4.22,-2.6,18.8
1344347754609974912,APF,Fe I,6713.77,4.79,-1.49,52.1
1344347754609974912,APF,Fe I,6716.24,4.58,-1.78,32.5
1344347754609974912,APF,Fe I,6726.67,4.61,-1.09,63.8
1344347754609974912,APF,Fe I,6733.15,4.64,-1.47,68.8
1344347754609974912,APF,Fe I,6739.52,1.56,-4.96,29.7
1344347754609974912,APF,Fe II,5991.38,3.15,-3.63,104.6
1344347754609974912,APF,Fe II,6084.11,3.2,-3.9,61.4
1344347754609974912,APF,Fe II,6113.33,3.22,-4.22,74.0
1344347754609974912,APF,Fe II,6149.26,3.89,-2.77,100.7
1344347754609974912,APF,Fe II,6247.56,3.89,-2.39,118.3
1344347754609974912,APF,Fe II,6369.46,2.89,-4.17,73.2
1344347754609974912,APF,Fe II,6432.68,2.89,-3.6,87.5
1344347754609974912,APF,Fe II,6456.38,3.9,-2.17,138.6
1344347754609974912,APF,Fe II,6516.08,2.89,-3.33,109.8
1344347754609974912,PEPSI,Fe I,5522.45,4.21,-1.49,56.6
1344347754609974912,PEPSI,Fe I,5560.21,4.43,-1.14,74.5
1344347754609974912,PEPSI,Fe I,5577.02,5.03,-1.61,26.6
1344347754609974912,PEPSI,Fe I,5618.63,4.21,-1.39,60.5
1344347754609974912,PEPSI,Fe I,5619.61,4.39,-1.51,57.4
1344347754609974912,PEPSI,Fe I,5635.83,4.26,-1.65,35.4
1344347754609974912,PEPSI,Fe I,5638.26,4.22,-0.83,92.0
1344347754609974912,PEPSI,Fe I,5651.48,4.47,-1.86,18.8
1344347754609974912,PEPSI,Fe I,5652.33,4.26,-1.81,59.7
1344347754609974912,PEPSI,Fe I,5661.35,4.28,-1.91,22.7
1344347754609974912,PEPSI,Fe I,5679.02,4.65,-0.84,75.9
1344347754609974912,PEPSI,Fe I,5741.85,4.26,-1.71,52.5
1344347754609974912,PEPSI,Fe I,5753.13,4.26,-0.77,102.1
1344347754609974912,PEPSI,Fe I,5775.08,4.22,-1.16,80.6
1344347754609974912,PEPSI,Fe I,5778.46,2.59,-3.57,41.2
1344347754609974912,PEPSI,Fe I,5809.22,3.88,-1.73,75.3
1344347754609974912,PEPSI,Fe I,5852.22,4.55,-1.24,63.5
1344347754609974912,PEPSI,Fe I,5855.08,4.61,-1.6,37.1
1344347754609974912,PEPSI,Fe I,5861.11,4.28,-2.51,14.9
1344347754609974912,PEPSI,Fe I,5905.67,4.65,-0.87,80.8
1344347754609974912,PEPSI,Fe I,5934.65,3.93,-1.26,103.8
1344347754609974912,PEPSI,Fe I,5956.69,0.86,-4.59,66.4
1344347754609974912,PEPSI,Fe I,6027.05,4.08,-1.23,92.4
1344347754609974912,PEPSI,Fe I,6054.07,4.37,-2.31,44.1
1344347754609974912,PEPSI,Fe I,6082.71,2.22,-3.61,64.3
1344347754609974912,PEPSI,Fe I,6093.64,4.61,-1.39,55.4
1344347754609974912,PEPSI,Fe I,6127.9,4.14,-1.43,84.7
1344347754609974912,PEPSI,Fe I,6151.62,2.18,-3.36,71.2
1344347754609974912,PEPSI,Fe I,6157.73,4.07,-1.38,104.5
1344347754609974912,PEPSI,Fe I,6159.38,4.61,-1.99,19.1
1344347754609974912,PEPSI,Fe I,6165.37,4.14,-1.55,73.8
1344347754609974912,PEPSI,Fe I,6170.51,4.79,-0.46,106.3
1344347754609974912,PEPSI,Fe I,6173.34,2.22,-2.9,104.9
1344347754609974912,PEPSI,Fe I,6180.2,2.73,-2.62,102.8
1344347754609974912,PEPSI,Fe I,6187.99,3.94,-1.73,63.9
1344347754609974912,PEPSI,Fe I,6200.31,2.61,-2.43,98.6
1344347754609974912,PEPSI,Fe I,6213.43,2.22,-2.64,109.2
1344347754609974912,PEPSI,Fe I,6219.28,2.2,-2.51,112.3
1344347754609974912,PEPSI,Fe I,6226.74,3.88,-2.16,55.2
1344347754609974912,PEPSI,Fe I,6229.23,2.84,-2.92,53.8
1344347754609974912,PEPSI,Fe I,6240.65,2.22,-3.36,92.9
1344347754609974912,PEPSI,Fe I,6265.13,2.18,-2.56,125.7
1344347754609974912,PEPSI,Fe I,6270.23,2.86,-2.63,94.3
1344347754609974912,PEPSI,Fe I,6297.79,2.22,-2.83,107.6
1344347754609974912,PEPSI,Fe I,6311.5,2.83,-3.09,65.0
1344347754609974912,PEPSI,Fe I,6322.69,2.59,-2.37,123.5
1344347754609974912,PEPSI,Fe I,6380.74,4.19,-1.38,85.4
1344347754609974912,PEPSI,Fe I,6392.54,2.28,-4.06,24.2
1344347754609974912,PEPSI,Fe I,6419.95,4.73,-0.38,138.3
1344347754609974912,PEPSI,Fe I,6436.41,4.19,-2.38,29.9
1344347754609974912,PEPSI,Fe I,6481.87,2.28,-2.98,105.3
1344347754609974912,PEPSI,Fe I,6518.37,2.83,-2.58,120.2
1344347754609974912,PEPSI,Fe I,6569.22,4.73,-0.61,106.6
1344347754609974912,PEPSI,Fe I,6574.23,0.99,-4.99,45.7
1344347754609974912,PEPSI,Fe I,6593.87,2.43,-2.44,103.8
1344347754609974912,PEPSI,Fe I,6597.56,4.79,-1.01,64.2
1344347754609974912,PEPSI,Fe I,6608.02,2.28,-4.03,13.7
1344347754609974912,PEPSI,Fe I,6625.02,1.01,-5.31,29.7
1344347754609974912,PEPSI,Fe I,6627.54,4.55,-1.53,65.6
1344347754609974912,PEPSI,Fe I,6634.11,4.79,-1.08,121.6
1344347754609974912,PEPSI,Fe I,6646.93,2.61,-4.05,20.7
1344347754609974912,PEPSI,Fe I,6653.85,4.14,-2.52,21.7
1344347754609974912,PEPSI,Fe I,6696.32,2.68,-3.73,91.8
1344347754609974912,PEPSI,Fe I,6703.57,2.76,-3.06,59.6
1344347754609974912,PEPSI,Fe I,6710.32,1.48,-4.9,31.0
1344347754609974912,PEPSI,Fe I,6716.24,4.58,-1.78,30.8
1344347754609974912,PEPSI,Fe I,6725.35,4.1,-2.29,38.8
1344347754609974912,PEPSI,Fe I,6726.67,4.61,-1.09,75.3
1344347754609974912,PEPSI,Fe I,6733.15,4.64,-1.47,45.7
1344347754609974912,PEPSI,Fe I,6739.52,1.56,-4.96,23.2
1344347754609974912,PEPSI,Fe II,5991.38,3.15,-3.63,96.1
1344347754609974912,PEPSI,Fe II,6084.11,3.2,-3.9,61.1
1344347754609974912,PEPSI,Fe II,6113.33,3.22,-4.22,69.4
1344347754609974912,PEPSI,Fe II,6149.26,3.89,-2.77,86.4
1344347754609974912,PEPSI,Fe II,6247.56,3.89,-2.39,120.2
1344347754609974912,PEPSI,Fe II,6369.46,2.89,-4.17,58.1
1344347754609974912,PEPSI,Fe II,6432.68,2.89,-3.6,87.3
1344347754609974912,PEPSI,Fe II,6456.38,3.9,-2.17,118.7
1344347754609974912,PEPSI,Fe II,6516.08,2.89,-3.33,111.1
1349677912103573888,PEPSI,Fe I,5522.45,4.21,-1.49,74.8
1349677912103573888,PEPSI,Fe I,5546.51,4.37,-1.18,108.0
1349677912103573888,PEPSI,Fe I,5560.21,4.43,-1.14,79.4
1349677912103573888,PEPSI,Fe I,5577.02,5.03,-1.61,46.5
1349677912103573888,PEPSI,Fe I,5618.63,4.21,-1.39,75.2
1349677912103573888,PEPSI,Fe I,5619.61,4.39,-1.51,81.1
1349677912103573888,PEPSI,Fe I,5701.55,2.56,-2.22,153.8
1349677912103573888,PEPSI,Fe I,5705.47,4.3,-1.52,72.3
1349677912103573888,PEPSI,Fe I,5741.85,4.26,-1.71,66.5
1349677912103573888,PEPSI,Fe I,5753.13,4.26,-0.77,104.2
1349677912103573888,PEPSI,Fe I,5775.08,4.22,-1.16,97.0
1349677912103573888,PEPSI,Fe I,5778.46,2.59,-3.57,82.6
1349677912103573888,PEPSI,Fe I,5809.22,3.88,-1.73,107.5
1349677912103573888,PEPSI,Fe I,5849.69,3.69,-3.14,38.2
1349677912103573888,PEPSI,Fe I,5852.22,4.55,-1.24,110.3
1349677912103573888,PEPSI,Fe I,5855.08,4.61,-1.6,53.8
1349677912103573888,PEPSI,Fe I,5858.78,4.22,-2.17,38.6
1349677912103573888,PEPSI,Fe I,5861.11,4.28,-2.51,33.4
1349677912103573888,PEPSI,Fe I,6079.01,4.65,-1.06,78.4
1349677912103573888,PEPSI,Fe I,6093.64,4.61,-1.39,65.7
1349677912103573888,PEPSI,Fe I,6127.9,4.14,-1.43,92.4
1349677912103573888,PEPSI,Fe I,6151.62,2.18,-3.36,107.8
1349677912103573888,PEPSI,Fe I,6157.73,4.07,-1.38,120.5
1349677912103573888,PEPSI,Fe I,6159.38,4.61,-1.99,49.9
1349677912103573888,PEPSI,Fe I,6165.37,4.14,-1.55,82.9
1349677912103573888,PEPSI,Fe I,6173.34,2.22,-2.9,135.2
1349677912103573888,PEPSI,Fe I,6180.2,2.73,-2.62,128.8
1349677912103573888,PEPSI,Fe I,6187.99,3.94,-1.73,93.3
1349677912103573888,PEPSI,Fe I,6200.31,2.61,-2.43,137.1
1349677912103573888,PEPSI,Fe I,6265.13,2.18,-2.56,191.7
1349677912103573888,PEPSI,Fe I,6270.23,2.86,-2.63,110.4
1349677912103573888,PEPSI,Fe I,6297.79,2.22,-2.83,147.9
1349677912103573888,PEPSI,Fe I,6322.69,2.59,-2.37,141.6
1349677912103573888,PEPSI,Fe I,6380.74,4.19,-1.38,114.2
1349677912103573888,PEPSI,Fe I,6436.41,4.19,-2.38,54.4
1349677912103573888,PEPSI,Fe I,6481.87,2.28,-2.98,143.4
1349677912103573888,PEPSI,Fe I,6569.22,4.73,-0.61,126.3
1349677912103573888,PEPSI,Fe I,6574.23,0.99,-4.99,108.8
1349677912103573888,PEPSI,Fe I,6593.87,2.43,-2.44,152.4
1349677912103573888,PEPSI,Fe I,6597.56,4.79,-1.01,73.1
1349677912103573888,PEPSI,Fe I,6625.02,1.01,-5.31,183.0
1349677912103573888,PEPSI,Fe I,6627.54,4.55,-1.53,77.8
1349677912103573888,PEPSI,Fe I,6646.93,2.61,-4.05,78.0
1349677912103573888,PEPSI,Fe I,6653.85,4.14,-2.52,40.3
1349677912103573888,PEPSI,Fe I,6699.14,4.59,-2.15,38.0
1349677912103573888,PEPSI,Fe I,6703.57,2.76,-3.06,98.6
1349677912103573888,PEPSI,Fe I,6704.48,4.22,-2.6,26.6
1349677912103573888,PEPSI,Fe I,6710.32,1.48,-4.9,104.6
1349677912103573888,PEPSI,Fe I,6713.77,4.79,-1.49,51.2
1349677912103573888,PEPSI,Fe I,6716.24,4.58,-1.78,73.8
1349677912103573888,PEPSI,Fe I,6725.35,4.1,-2.29,54.7
1349677912103573888,PEPSI,Fe I,6726.67,4.61,-1.09,81.1
1349677912103573888,PEPSI,Fe I,6733.15,4.64,-1.47,62.1
1349677912103573888,PEPSI,Fe I,6739.52,1.56,-4.96,66.9
1349677912103573888,PEPSI,Fe II,6084.11,3.2,-3.9,40.4
1349677912103573888,PEPSI,Fe II,6149.26,3.89,-2.77,38.5
1349677912103573888,PEPSI,Fe II,6247.56,3.89,-2.39,46.9
1349677912103573888,PEPSI,Fe II,6369.46,2.89,-4.17,22.3
1349677912103573888,PEPSI,Fe II,6432.68,2.89,-3.6,40.3
1349677912103573888,PEPSI,Fe II,6456.38,3.9,-2.17,56.0
1349677912103573888,PEPSI,Fe II,6516.08,2.89,-3.33,100.6
1373298170645854208,PEPSI,Fe I,5522.45,4.21,-1.49,76.6
1373298170645854208,PEPSI,Fe I,5546.51,4.37,-1.18,115.3
1373298170645854208,PEPSI,Fe I,5560.21,4.43,-1.14,78.7
1373298170645854208,PEPSI,Fe I,5577.02,5.03,-1.61,40.8
1373298170645854208,PEPSI,Fe I,5618.63,4.21,-1.39,76.8
1373298170645854208,PEPSI,Fe I,5619.61,4.39,-1.51,86.9
1373298170645854208,PEPSI,Fe I,5701.55,2.56,-2.22,160.6
1373298170645854208,PEPSI,Fe I,5705.47,4.3,-1.52,75.7
1373298170645854208,PEPSI,Fe I,5741.85,4.26,-1.71,69.2
1373298170645854208,PEPSI,Fe I,5775.08,4.22,-1.16,97.7
1373298170645854208,PEPSI,Fe I,5778.46,2.59,-3.57,86.1
1373298170645854208,PEPSI,Fe I,5809.22,3.88,-1.73,110.7
1373298170645854208,PEPSI,Fe I,5849.69,3.69,-3.14,43.3
1373298170645854208,PEPSI,Fe I,5852.22,4.55,-1.24,125.8
1373298170645854208,PEPSI,Fe I,5855.08,4.61,-1.6,53.8
1373298170645854208,PEPSI,Fe I,5858.78,4.22,-2.17,39.4
1373298170645854208,PEPSI,Fe I,5861.11,4.28,-2.51,34.9
1373298170645854208,PEPSI,Fe I,6079.01,4.65,-1.06,79.7
1373298170645854208,PEPSI,Fe I,6093.64,4.61,-1.39,68.2
1373298170645854208,PEPSI,Fe I,6151.62,2.18,-3.36,112.8
1373298170645854208,PEPSI,Fe I,6157.73,4.07,-1.38,125.5
1373298170645854208,PEPSI,Fe I,6159.38,4.61,-1.99,52.8
1373298170645854208,PEPSI,Fe I,6165.37,4.14,-1.55,85.7
1373298170645854208,PEPSI,Fe I,6173.34,2.22,-2.9,142.5
1373298170645854208,PEPSI,Fe I,6180.2,2.73,-2.62,136.5
1373298170645854208,PEPSI,Fe I,6187.99,3.94,-1.73,95.2
1373298170645854208,PEPSI,Fe I,6200.31,2.61,-2.43,142.3
1373298170645854208,PEPSI,Fe I,6270.23,2.86,-2.63,113.0
1373298170645854208,PEPSI,Fe I,6297.79,2.22,-2.83,153.9
1373298170645854208,PEPSI,Fe I,6322.69,2.59,-2.37,147.4
1373298170645854208,PEPSI,Fe I,6380.74,4.19,-1.38,123.1
1373298170645854208,PEPSI,Fe I,6436.41,4.19,-2.38,59.7
1373298170645854208,PEPSI,Fe I,6481.87,2.28,-2.98,151.4
1373298170645854208,PEPSI,Fe I,6569.22,4.73,-0.61,141.4
1373298170645854208,PEPSI,Fe I,6574.23,0.99,-4.99,116.2
1373298170645854208,PEPSI,Fe I,6593.87,2.43,-2.44,160.5
1373298170645854208,PEPSI,Fe I,6597.56,4.79,-1.01,73.5
1373298170645854208,PEPSI,Fe I,6627.54,4.55,-1.53,81.3
1373298170645854208,PEPSI,Fe I,6646.93,2.61,-4.05,90.0
1373298170645854208,PEPSI,Fe I,6653.85,4.14,-2.52,42.2
1373298170645854208,PEPSI,Fe I,6699.14,4.59,-2.15,38.7
1373298170645854208,PEPSI,Fe I,6703.57,2.76,-3.06,102.6
1373298170645854208,PEPSI,Fe I,6704.48,4.22,-2.6,30.1
1373298170645854208,PEPSI,Fe I,6710.32,1.48,-4.9,112.5
1373298170645854208,PEPSI,Fe I,6713.77,4.79,-1.49,52.7
1373298170645854208,PEPSI,Fe I,6716.24,4.58,-1.78,83.0
1373298170645854208,PEPSI,Fe I,6725.35,4.1,-2.29,56.6
1373298170645854208,PEPSI,Fe I,6726.67,4.61,-1.09,83.9
1373298170645854208,PEPSI,Fe I,6733.15,4.64,-1.47,63.0
1373298170645854208,PEPSI,Fe I,6739.52,1.56,-4.96,71.8
1373298170645854208,PEPSI,Fe II,6084.11,3.2,-3.9,40.9
1373298170645854208,PEPSI,Fe II,6149.26,3.89,-2.77,38.4
1373298170645854208,PEPSI,Fe II,6247.56,3.89,-2.39,45.0
1373298170645854208,PEPSI,Fe II,6369.46,2.89,-4.17,20.2
1373298170645854208,PEPSI,Fe II,6432.68,2.89,-3.6,38.6
1373298170645854208,PEPSI,Fe II,6456.38,3.9,-2.17,55.2
1373298170645854208,PEPSI,Fe II,6516.08,2.89,-3.33,100.6
1427663587506214784,PEPSI,Fe I,5522.45,4.21,-1.49,61.5
1427663587506214784,PEPSI,Fe I,5546.51,4.37,-1.18,71.3
1427663587506214784,PEPSI,Fe I,5560.21,4.43,-1.14,70.1
1427663587506214784,PEPSI,Fe I,5577.02,5.03,-1.61,22.8
1427663587506214784,PEPSI,Fe I,5618.63,4.21,-1.39,66.0
1427663587506214784,PEPSI,Fe I,5619.61,4.39,-1.51,57.9
1427663587506214784,PEPSI,Fe I,5635.83,4.26,-1.65,47.4
1427663587506214784,PEPSI,Fe I,5638.26,4.22,-0.83,97.6
1427663587506214784,PEPSI,Fe I,5651.48,4.47,-1.86,35.2
1427663587506214784,PEPSI,Fe I,5652.33,4.26,-1.81,47.5
1427663587506214784,PEPSI,Fe I,5661.35,4.28,-1.91,37.3
1427663587506214784,PEPSI,Fe I,5679.02,4.65,-0.84,77.7
1427663587506214784,PEPSI,Fe I,5701.55,2.56,-2.22,109.8
1427663587506214784,PEPSI,Fe I,5705.47,4.3,-1.52,56.7
1427663587506214784,PEPSI,Fe I,5741.85,4.26,-1.71,52.0
1427663587506214784,PEPSI,Fe I,5753.13,4.26,-0.77,94.3
1427663587506214784,PEPSI,Fe I,5775.08,4.22,-1.16,78.2
1427663587506214784,PEPSI,Fe I,5778.46,2.59,-3.57,42.4
1427663587506214784,PEPSI,Fe I,5809.22,3.88,-1.73,74.3
1427663587506214784,PEPSI,Fe I,5849.69,3.69,-3.14,16.4
1427663587506214784,PEPSI,Fe I,5852.22,4.55,-1.24,62.3
1427663587506214784,PEPSI,Fe I,5855.08,4.61,-1.6,40.6
1427663587506214784,PEPSI,Fe I,5858.78,4.22,-2.17,23.5
1427663587506214784,PEPSI,Fe I,5861.11,4.28,-2.51,19.3
1427663587506214784,PEPSI,Fe I,5905.67,4.65,-0.87,76.0
1427663587506214784,PEPSI,Fe I,5934.65,3.93,-1.26,98.4
1427663587506214784,PEPSI,Fe I,5956.69,0.86,-4.59,71.4
1427663587506214784,PEPSI,Fe I,6027.05,4.08,-1.23,85.1
1427663587506214784,PEPSI,Fe I,6054.07,4.37,-2.31,20.1
1427663587506214784,PEPSI,Fe I,6079.01,4.65,-1.06,66.2
1427663587506214784,PEPSI,Fe I,6082.71,2.22,-3.61,53.9
1427663587506214784,PEPSI,Fe I,6093.64,4.61,-1.39,50.9
1427663587506214784,PEPSI,Fe I,6127.9,4.14,-1.43,71.2
1427663587506214784,PEPSI,Fe I,6151.62,2.18,-3.36,71.6
1427663587506214784,PEPSI,Fe I,6157.73,4.07,-1.38,84.0
1427663587506214784,PEPSI,Fe I,6159.38,4.61,-1.99,26.4
1427663587506214784,PEPSI,Fe I,6165.37,4.14,-1.55,64.6
1427663587506214784,PEPSI,Fe I,6170.51,4.79,-0.46,111.9
1427663587506214784,PEPSI,Fe I,6173.34,2.22,-2.9,90.5
1427663587506214784,PEPSI,Fe I,6180.2,2.73,-2.62,85.7
1427663587506214784,PEPSI,Fe I,6187.99,3.94,-1.73,70.6
1427663587506214784,PEPSI,Fe I,6200.31,2.61,-2.43,99.8
1427663587506214784,PEPSI,Fe I,6213.43,2.22,-2.64,103.4
1427663587506214784,PEPSI,Fe I,6219.28,2.2,-2.51,113.0
1427663587506214784,PEPSI,Fe I,6220.78,3.88,-2.38,36.6
1427663587506214784,PEPSI,Fe I,6226.74,3.88,-2.16,51.5
1427663587506214784,PEPSI,Fe I,6229.23,2.84,-2.92,62.1
1427663587506214784,PEPSI,Fe I,6240.65,2.22,-3.36,71.1
1427663587506214784,PEPSI,Fe I,6265.13,2.18,-2.56,111.6
1427663587506214784,PEPSI,Fe I,6270.23,2.86,-2.63,73.4
1427663587506214784,PEPSI,Fe I,6297.79,2.22,-2.83,95.9
1427663587506214784,PEPSI,Fe I,6311.5,2.83,-3.09,60.6
1427663587506214784,PEPSI,Fe I,6315.81,4.07,-1.73,65.7
1427663587506214784,PEPSI,Fe I,6322.69,2.59,-2.37,100.6
1427663587506214784,PEPSI,Fe I,6380.74,4.19,-1.38,76.5
1427663587506214784,PEPSI,Fe I,6392.54,2.28,-4.06,30.6
1427663587506214784,PEPSI,Fe I,6419.95,4.73,-0.38,111.2
1427663587506214784,PEPSI,Fe I,6436.41,4.19,-2.38,24.0
1427663587506214784,PEPSI,Fe I,6481.87,2.28,-2.98,88.8
1427663587506214784,PEPSI,Fe I,6518.37,2.83,-2.58,75.8
1427663587506214784,PEPSI,Fe I,6569.22,4.73,-0.61,95.5
1427663587506214784,PEPSI,Fe I,6574.23,0.99,-4.99,49.2
1427663587506214784,PEPSI,Fe I,6593.87,2.43,-2.44,107.2
1427663587506214784,PEPSI,Fe I,6597.56,4.79,-1.01,94.0
1427663587506214784,PEPSI,Fe I,6608.02,2.28,-4.03,33.3
1427663587506214784,PEPSI,Fe I,6625.02,1.01,-5.31,33.3
1427663587506214784,PEPSI,Fe I,6627.54,4.55,-1.53,51.2
1427663587506214784,PEPSI,Fe I,6646.93,2.61,-4.05,23.8
1427663587506214784,PEPSI,Fe I,6653.85,4.14,-2.52,23.9
1427663587506214784,PEPSI,Fe I,6696.32,2.68,-3.73,129.8
1427663587506214784,PEPSI,Fe I,6699.14,4.59,-2.15,21.4
1427663587506214784,PEPSI,Fe I,6703.57,2.76,-3.06,58.4
1427663587506214784,PEPSI,Fe I,6704.48,4.22,-2.6,12.9
1427663587506214784,PEPSI,Fe I,6710.32,1.48,-4.9,33.3
1427663587506214784,PEPSI,Fe I,6713.77,4.79,-1.49,40.1
1427663587506214784,PEPSI,Fe I,6716.24,4.58,-1.78,32.5
1427663587506214784,PEPSI,Fe I,6725.35,4.1,-2.29,33.8
1427663587506214784,PEPSI,Fe I,6726.67,4.61,-1.09,68.5
1427663587506214784,PEPSI,Fe I,6733.15,4.64,-1.47,47.1
1427663587506214784,PEPSI,Fe I,6739.52,1.56,-4.96,24.3
1427663587506214784,PEPSI,Fe II,5991.38,3.15,-3.63,49.8
1427663587506214784,PEPSI,Fe II,6084.11,3.2,-3.9,34.7
1427663587506214784,PEPSI,Fe II,6113.33,3.22,-4.22,53.5
1427663587506214784,PEPSI,Fe II,6149.26,3.89,-2.77,49.8
1427663587506214784,PEPSI,Fe II,6247.56,3.89,-2.39,70.7
1427663587506214784,PEPSI,Fe II,6369.46,2.89,-4.17,33.2
1427663587506214784,PEPSI,Fe II,6432.68,2.89,-3.6,56.4
1427663587506214784,PEPSI,Fe II,6456.38,3.9,-2.17,76.6
1427663587506214784,PEPSI,Fe II,6516.08,2.89,-3.33,72.8
1518538605793638656,PEPSI,Fe I,5522.45,4.21,-1.49,62.9
1518538605793638656,PEPSI,Fe I,5546.51,4.37,-1.18,77.2
1518538605793638656,PEPSI,Fe I,5560.21,4.43,-1.14,71.4
1518538605793638656,PEPSI,Fe I,5577.02,5.03,-1.61,19.7
1518538605793638656,PEPSI,Fe I,5618.63,4.21,-1.39,66.6
1518538605793638656,PEPSI,Fe I,5619.61,4.39,-1.51,62.6
1518538605793638656,PEPSI,Fe I,5635.83,4.26,-1.65,49.3
1518538605793638656,PEPSI,Fe I,5638.26,4.22,-0.83,99.0
1518538605793638656,PEPSI,Fe I,5651.48,4.47,-1.86,36.2
1518538605793638656,PEPSI,Fe I,5652.33,4.26,-1.81,51.1
1518538605793638656,PEPSI,Fe I,5661.35,4.28,-1.91,39.9
1518538605793638656,PEPSI,Fe I,5679.02,4.65,-0.84,80.9
1518538605793638656,PEPSI,Fe I,5701.55,2.56,-2.22,109.2
1518538605793638656,PEPSI,Fe I,5705.47,4.3,-1.52,60.8
1518538605793638656,PEPSI,Fe I,5741.85,4.26,-1.71,56.3
1518538605793638656,PEPSI,Fe I,5753.13,4.26,-0.77,94.5
1518538605793638656,PEPSI,Fe I,5775.08,4.22,-1.16,79.5
1518538605793638656,PEPSI,Fe I,5778.46,2.59,-3.57,47.3
1518538605793638656,PEPSI,Fe I,5809.22,3.88,-1.73,76.4
1518538605793638656,PEPSI,Fe I,5849.69,3.69,-3.14,17.6
1518538605793638656,PEPSI,Fe I,5852.22,4.55,-1.24,62.8
1518538605793638656,PEPSI,Fe I,5855.08,4.61,-1.6,43.1
1518538605793638656,PEPSI,Fe I,5858.78,4.22,-2.17,23.0
1518538605793638656,PEPSI,Fe I,5861.11,4.28,-2.51,19.3
1518538605793638656,PEPSI,Fe I,5905.67,4.65,-0.87,78.0
1518538605793638656,PEPSI,Fe I,5934.65,3.93,-1.26,102.0
1518538605793638656,PEPSI,Fe I,5956.69,0.86,-4.59,75.9
1518538605793638656,PEPSI,Fe I,6027.05,4.08,-1.23,87.1
1518538605793638656,PEPSI,Fe I,6054.07,4.37,-2.31,22.0
1518538605793638656,PEPSI,Fe I,6079.01,4.65,-1.06,66.5
1518538605793638656,PEPSI,Fe I,6082.71,2.22,-3.61,55.8
1518538605793638656,PEPSI,Fe I,6093.64,4.61,-1.39,52.6
1518538605793638656,PEPSI,Fe I,6127.9,4.14,-1.43,73.4
1518538605793638656,PEPSI,Fe I,6151.62,2.18,-3.36,72.6
1518538605793638656,PEPSI,Fe I,6157.73,4.07,-1.38,86.5
1518538605793638656,PEPSI,Fe I,6159.38,4.61,-1.99,28.8
1518538605793638656,PEPSI,Fe I,6165.37,4.14,-1.55,66.6
1518538605793638656,PEPSI,Fe I,6170.51,4.79,-0.46,117.8
1518538605793638656,PEPSI,Fe I,6173.34,2.22,-2.9,94.1
1518538605793638656,PEPSI,Fe I,6180.2,2.73,-2.62,90.1
1518538605793638656,PEPSI,Fe I,6187.99,3.94,-1.73,71.4
1518538605793638656,PEPSI,Fe I,6200.31,2.61,-2.43,99.2
1518538605793638656,PEPSI,Fe I,6213.43,2.22,-2.64,106.7
1518538605793638656,PEPSI,Fe I,6219.28,2.2,-2.51,115.4
1518538605793638656,PEPSI,Fe I,6220.78,3.88,-2.38,40.0
1518538605793638656,PEPSI,Fe I,6226.74,3.88,-2.16,51.3
1518538605793638656,PEPSI,Fe I,6229.23,2.84,-2.92,62.0
1518538605793638656,PEPSI,Fe I,6240.65,2.22,-3.36,73.4
1518538605793638656,PEPSI,Fe I,6265.13,2.18,-2.56,114.7
1518538605793638656,PEPSI,Fe I,6270.23,2.86,-2.63,76.6
1518538605793638656,PEPSI,Fe I,6297.79,2.22,-2.83,98.0
1518538605793638656,PEPSI,Fe I,6311.5,2.83,-3.09,49.6
1518538605793638656,PEPSI,Fe I,6315.81,4.07,-1.73,62.7
1518538605793638656,PEPSI,Fe I,6322.69,2.59,-2.37,101.0
1518538605793638656,PEPSI,Fe I,6380.74,4.19,-1.38,79.9
1518538605793638656,PEPSI,Fe I,6392.54,2.28,-4.06,34.6
1518538605793638656,PEPSI,Fe I,6419.95,4.73,-0.38,116.8
1518538605793638656,PEPSI,Fe I,6436.41,4.19,-2.38,26.6
1518538605793638656,PEPSI,Fe I,6481.87,2.28,-2.98,91.9
1518538605793638656,PEPSI,Fe I,6518.37,2.83,-2.58,79.7
1518538605793638656,PEPSI,Fe I,6569.22,4.73,-0.61,100.3
1518538605793638656,PEPSI,Fe I,6574.23,0.99,-4.99,53.3
1518538605793638656,PEPSI,Fe I,6593.87,2.43,-2.44,111.6
1518538605793638656,PEPSI,Fe I,6597.56,4.79,-1.01,65.8
1518538605793638656,PEPSI,Fe I,6608.02,2.28,-4.03,34.2
1518538605793638656,PEPSI,Fe I,6625.02,1.01,-5.31,40.5
1518538605793638656,PEPSI,Fe I,6627.54,4.55,-1.53,99.9
1518538605793638656,PEPSI,Fe I,6646.93,2.61,-4.05,24.5
1518538605793638656,PEPSI,Fe I,6653.85,4.14,-2.52,23.6
1518538605793638656,PEPSI,Fe I,6696.32,2.68,-3.73,132.9
1518538605793638656,PEPSI,Fe I,6699.14,4.59,-2.15,19.6
1518538605793638656,PEPSI,Fe I,6703.57,2.76,-3.06,60.9
1518538605793638656,PEPSI,Fe I,6704.48,4.22,-2.6,14.4
1518538605793638656,PEPSI,Fe I,6710.32,1.48,-4.9,39.1
1518538605793638656,PEPSI,Fe I,6713.77,4.79,-1.49,38.9
1518538605793638656,PEPSI,Fe I,6716.24,4.58,-1.78,37.1
1518538605793638656,PEPSI,Fe I,6725.35,4.1,-2.29,36.8
1518538605793638656,PEPSI,Fe I,6726.67,4.61,-1.09,69.1
1518538605793638656,PEPSI,Fe I,6733.15,4.64,-1.47,48.8
1518538605793638656,PEPSI,Fe I,6739.52,1.56,-4.96,25.7
1518538605793638656,PEPSI,Fe II,5991.38,3.15,-3.63,47.1
1518538605793638656,PEPSI,Fe II,6084.11,3.2,-3.9,35.4
1518538605793638656,PEPSI,Fe II,6113.33,3.22,-4.22,58.3
1518538605793638656,PEPSI,Fe II,6149.26,3.89,-2.77,50.1
1518538605793638656,PEPSI,Fe II,6247.56,3.89,-2.39,68.3
1518538605793638656,PEPSI,Fe II,6369.46,2.89,-4.17,28.1
1518538605793638656,PEPSI,Fe II,6432.68,2.89,-3.6,56.8
1518538605793638656,PEPSI,Fe II,6456.38,3.9,-2.17,76.3
1518538605793638656,PEPSI,Fe II,6516.08,2.89,-3.33,119.6
1615356205256881920,PEPSI,Fe I,5522.45,4.21,-1.49,81.8
1615356205256881920,PEPSI,Fe I,5546.51,4.37,-1.18,142.6
1615356205256881920,PEPSI,Fe I,5560.21,4.43,-1.14,84.6
1615356205256881920,PEPSI,Fe I,5618.63,4.21,-1.39,79.8
1615356205256881920,PEPSI,Fe I,5701.55,2.56,-2.22,186.2
1615356205256881920,PEPSI,Fe I,5705.47,4.3,-1.52,84.5
1615356205256881920,PEPSI,Fe I,5741.85,4.26,-1.71,79.1
1615356205256881920,PEPSI,Fe I,5775.08,4.22,-1.16,106.7
1615356205256881920,PEPSI,Fe I,5778.46,2.59,-3.57,106.1
1615356205256881920,PEPSI,Fe I,5809.22,3.88,-1.73,123.1
1615356205256881920,PEPSI,Fe I,5849.69,3.69,-3.14,51.0
1615356205256881920,PEPSI,Fe I,5852.22,4.55,-1.24,165.9
1615356205256881920,PEPSI,Fe I,5855.08,4.61,-1.6,60.7
1615356205256881920,PEPSI,Fe I,5858.78,4.22,-2.17,44.0
1615356205256881920,PEPSI,Fe I,5861.11,4.28,-2.51,43.1
1615356205256881920,PEPSI,Fe I,6079.01,4.65,-1.06,90.2
1615356205256881920,PEPSI,Fe I,6093.64,4.61,-1.39,81.2
1615356205256881920,PEPSI,Fe I,6151.62,2.18,-3.36,134.6
1615356205256881920,PEPSI,Fe I,6157.73,4.07,-1.38,159.3
1615356205256881920,PEPSI,Fe I,6159.38,4.61,-1.99,63.7
1615356205256881920,PEPSI,Fe I,6165.37,4.14,-1.55,96.0
1615356205256881920,PEPSI,Fe I,6173.34,2.22,-2.9,175.4
1615356205256881920,PEPSI,Fe I,6180.2,2.73,-2.62,179.5
1615356205256881920,PEPSI,Fe I,6187.99,3.94,-1.73,100.8
1615356205256881920,PEPSI,Fe I,6200.31,2.61,-2.43,160.3
1615356205256881920,PEPSI,Fe I,6270.23,2.86,-2.63,128.4
1615356205256881920,PEPSI,Fe I,6297.79,2.22,-2.83,188.2
1615356205256881920,PEPSI,Fe I,6311.5,2.83,-3.09,168.8
1615356205256881920,PEPSI,Fe I,6322.69,2.59,-2.37,171.6
1615356205256881920,PEPSI,Fe I,6380.74,4.19,-1.38,141.5
1615356205256881920,PEPSI,Fe I,6436.41,4.19,-2.38,72.2
1615356205256881920,PEPSI,Fe I,6481.87,2.28,-2.98,180.1
1615356205256881920,PEPSI,Fe I,6569.22,4.73,-0.61,174.7
1615356205256881920,PEPSI,Fe I,6574.23,0.99,-4.99,146.1
1615356205256881920,PEPSI,Fe I,6593.87,2.43,-2.44,184.5
1615356205256881920,PEPSI,Fe I,6597.56,4.79,-1.01,75.2
1615356205256881920,PEPSI,Fe I,6627.54,4.55,-1.53,90.3
1615356205256881920,PEPSI,Fe I,6646.93,2.61,-4.05,113.5
1615356205256881920,PEPSI,Fe I,6653.85,4.14,-2.52,52.2
1615356205256881920,PEPSI,Fe I,6699.14,4.59,-2.15,45.0
1615356205256881920,PEPSI,Fe I,6703.57,2.76,-3.06,133.5
1615356205256881920,PEPSI,Fe I,6704.48,4.22,-2.6,36.0
1615356205256881920,PEPSI,Fe I,6710.32,1.48,-4.9,152.0
1615356205256881920,PEPSI,Fe I,6713.77,4.79,-1.49,59.6
1615356205256881920,PEPSI,Fe I,6716.24,4.58,-1.78,101.3
1615356205256881920,PEPSI,Fe I,6725.35,4.1,-2.29,64.0
1615356205256881920,PEPSI,Fe I,6726.67,4.61,-1.09,86.8
1615356205256881920,PEPSI,Fe I,6733.15,4.64,-1.47,67.4
1615356205256881920,PEPSI,Fe I,6739.52,1.56,-4.96,85.0
1615356205256881920,PEPSI,Fe II,6149.26,3.89,-2.77,44.8
1615356205256881920,PEPSI,Fe II,6247.56,3.89,-2.39,54.1
1615356205256881920,PEPSI,Fe II,6369.46,2.89,-4.17,22.4
1615356205256881920,PEPSI,Fe II,6432.68,2.89,-3.6,42.1
1615356205256881920,PEPSI,Fe II,6456.38,3.9,-2.17,62.9
1615356205256881920,PEPSI,Fe II,6516.08,2.89,-3.33,115.2
1664530724642168448,PEPSI,Fe I,5522.45,4.21,-1.49,65.3
1664530724642168448,PEPSI,Fe I,5546.51,4.37,-1.18,80.1
1664530724642168448,PEPSI,Fe I,5560.21,4.43,-1.14,75.6
1664530724642168448,PEPSI,Fe I,5577.02,5.03,-1.61,24.8
1664530724642168448,PEPSI,Fe I,5618.63,4.21,-1.39,69.8
1664530724642168448,PEPSI,Fe I,5619.61,4.39,-1.51,62.6
1664530724642168448,PEPSI,Fe I,5635.83,4.26,-1.65,52.0
1664530724642168448,PEPSI,Fe I,5638.26,4.22,-0.83,103.7
1664530724642168448,PEPSI,Fe I,5651.48,4.47,-1.86,41.2
1664530724642168448,PEPSI,Fe I,5652.33,4.26,-1.81,55.0
1664530724642168448,PEPSI,Fe I,5661.35,4.28,-1.91,41.0
1664530724642168448,PEPSI,Fe I,5679.02,4.65,-0.84,86.3
1664530724642168448,PEPSI,Fe I,5701.55,2.56,-2.22,112.0
1664530724642168448,PEPSI,Fe I,5705.47,4.3,-1.52,64.7
1664530724642168448,PEPSI,Fe I,5741.85,4.26,-1.71,57.8
1664530724642168448,PEPSI,Fe I,5753.13,4.26,-0.77,96.2
1664530724642168448,PEPSI,Fe I,5775.08,4.22,-1.16,84.3
1664530724642168448,PEPSI,Fe I,5778.46,2.59,-3.57,50.2
1664530724642168448,PEPSI,Fe I,5809.22,3.88,-1.73,80.6
1664530724642168448,PEPSI,Fe I,5849.69,3.69,-3.14,19.7
1664530724642168448,PEPSI,Fe I,5852.22,4.55,-1.24,69.7
1664530724642168448,PEPSI,Fe I,5855.08,4.61,-1.6,47.6
1664530724642168448,PEPSI,Fe I,5858.78,4.22,-2.17,24.9
1664530724642168448,PEPSI,Fe I,5861.11,4.28,-2.51,21.2
1664530724642168448,PEPSI,Fe I,5905.67,4.65,-0.87,83.7
1664530724642168448,PEPSI,Fe I,5934.65,3.93,-1.26,105.4
1664530724642168448,PEPSI,Fe I,5956.69,0.86,-4.59,77.3
1664530724642168448,PEPSI,Fe I,6027.05,4.08,-1.23,91.5
1664530724642168448,PEPSI,Fe I,6054.07,4.37,-2.31,23.5
1664530724642168448,PEPSI,Fe I,6079.01,4.65,-1.06,71.2
1664530724642168448,PEPSI,Fe I,6082.71,2.22,-3.61,62.5
1664530724642168448,PEPSI,Fe I,6093.64,4.61,-1.39,56.0
1664530724642168448,PEPSI,Fe I,6127.9,4.14,-1.43,79.9
1664530724642168448,PEPSI,Fe I,6151.62,2.18,-3.36,76.9
1664530724642168448,PEPSI,Fe I,6157.73,4.07,-1.38,90.9
1664530724642168448,PEPSI,Fe I,6159.38,4.61,-1.99,29.3
1664530724642168448,PEPSI,Fe I,6165.37,4.14,-1.55,72.9
1664530724642168448,PEPSI,Fe I,6170.51,4.79,-0.46,125.7
1664530724642168448,PEPSI,Fe I,6173.34,2.22,-2.9,99.9
1664530724642168448,PEPSI,Fe I,6180.2,2.73,-2.62,100.6
1664530724642168448,PEPSI,Fe I,6187.99,3.94,-1.73,74.9
1664530724642168448,PEPSI,Fe I,6200.31,2.61,-2.43,103.6
1664530724642168448,PEPSI,Fe I,6213.43,2.22,-2.64,110.4
1664530724642168448,PEPSI,Fe I,6219.28,2.2,-2.51,122.1
1664530724642168448,PEPSI,Fe I,6220.78,3.88,-2.38,42.8
1664530724642168448,PEPSI,Fe I,6226.74,3.88,-2.16,55.1
1664530724642168448,PEPSI,Fe I,6229.23,2.84,-2.92,68.5
1664530724642168448,PEPSI,Fe I,6240.65,2.22,-3.36,77.2
1664530724642168448,PEPSI,Fe I,6265.13,2.18,-2.56,118.9
1664530724642168448,PEPSI,Fe I,6270.23,2.86,-2.63,81.8
1664530724642168448,PEPSI,Fe I,6297.79,2.22,-2.83,102.6
1664530724642168448,PEPSI,Fe I,6311.5,2.83,-3.09,84.1
1664530724642168448,PEPSI,Fe I,6315.81,4.07,-1.73,64.1
1664530724642168448,PEPSI,Fe I,6322.69,2.59,-2.37,109.1
1664530724642168448,PEPSI,Fe I,6380.74,4.19,-1.38,83.6
1664530724642168448,PEPSI,Fe I,6392.54,2.28,-4.06,36.8
1664530724642168448,PEPSI,Fe I,6419.95,4.73,-0.38,124.6
1664530724642168448,PEPSI,Fe I,6436.41,4.19,-2.38,30.6
1664530724642168448,PEPSI,Fe I,6481.87,2.28,-2.98,95.4
1664530724642168448,PEPSI,Fe I,6518.37,2.83,-2.58,86.4
1664530724642168448,PEPSI,Fe I,6569.22,4.73,-0.61,106.6
1664530724642168448,PEPSI,Fe I,6574.23,0.99,-4.99,58.1
1664530724642168448,PEPSI,Fe I,6593.87,2.43,-2.44,113.9
1664530724642168448,PEPSI,Fe I,6597.56,4.79,-1.01,70.6
1664530724642168448,PEPSI,Fe I,6608.02,2.28,-4.03,37.1
1664530724642168448,PEPSI,Fe I,6625.02,1.01,-5.31,43.9
1664530724642168448,PEPSI,Fe I,6627.54,4.55,-1.53,55.9
1664530724642168448,PEPSI,Fe I,6646.93,2.61,-4.05,27.5
1664530724642168448,PEPSI,Fe I,6653.85,4.14,-2.52,26.9
1664530724642168448,PEPSI,Fe I,6696.32,2.68,-3.73,146.0
1664530724642168448,PEPSI,Fe I,6699.14,4.59,-2.15,22.5
1664530724642168448,PEPSI,Fe I,6703.57,2.76,-3.06,67.7
1664530724642168448,PEPSI,Fe I,6704.48,4.22,-2.6,19.7
1664530724642168448,PEPSI,Fe I,6710.32,1.48,-4.9,40.2
1664530724642168448,PEPSI,Fe I,6713.77,4.79,-1.49,44.4
1664530724642168448,PEPSI,Fe I,6716.24,4.58,-1.78,38.0
1664530724642168448,PEPSI,Fe I,6725.35,4.1,-2.29,41.4
1664530724642168448,PEPSI,Fe I,6726.67,4.61,-1.09,76.0
1664530724642168448,PEPSI,Fe I,6733.15,4.64,-1.47,50.3
1664530724642168448,PEPSI,Fe I,6739.52,1.56,-4.96,28.2
1664530724642168448,PEPSI,Fe II,5991.38,3.15,-3.63,55.4
1664530724642168448,PEPSI,Fe II,6084.11,3.2,-3.9,44.8
1664530724642168448,PEPSI,Fe II,6113.33,3.22,-4.22,65.0
1664530724642168448,PEPSI,Fe II,6149.26,3.89,-2.77,59.1
1664530724642168448,PEPSI,Fe II,6247.56,3.89,-2.39,80.6
1664530724642168448,PEPSI,Fe II,6369.46,2.89,-4.17,39.3
1664530724642168448,PEPSI,Fe II,6432.68,2.89,-3.6,63.7
1664530724642168448,PEPSI,Fe II,6456.38,3.9,-2.17,85.2
1664530724642168448,PEPSI,Fe II,6516.08,2.89,-3.33,86.3
1812617348721111552,HIRES,Fe I,5522.45,4.21,-1.49,65.2
1812617348721111552,HIRES,Fe I,5546.51,4.37,-1.18,78.0
1812617348721111552,HIRES,Fe I,5560.21,4.43,-1.14,68.8
1812617348721111552,HIRES,Fe I,5577.02,5.03,-1.61,19.9
1812617348721111552,HIRES,Fe I,5618.63,4.21,-1.39,53.0
1812617348721111552,HIRES,Fe I,5619.61,4.39,-1.51,61.5
1812617348721111552,HIRES,Fe I,5635.83,4.26,-1.65,45.5
1812617348721111552,HIRES,Fe I,5638.26,4.22,-0.83,97.4
1812617348721111552,HIRES,Fe I,5651.48,4.47,-1.86,33.4
1812617348721111552,HIRES,Fe I,5652.33,4.26,-1.81,49.8
1812617348721111552,HIRES,Fe I,5661.35,4.28,-1.91,36.0
1812617348721111552,HIRES,Fe I,5679.02,4.65,-0.84,80.2
1812617348721111552,HIRES,Fe I,5701.55,2.56,-2.22,120.0
1812617348721111552,HIRES,Fe I,5705.47,4.3,-1.52,98.0
1812617348721111552,HIRES,Fe I,5741.85,4.26,-1.71,53.9
1812617348721111552,HIRES,Fe I,5753.13,4.26,-0.77,95.8
1812617348721111552,HIRES,Fe I,5775.08,4.22,-1.16,84.5
1812617348721111552,HIRES,Fe I,5778.46,2.59,-3.57,42.3
1812617348721111552,HIRES,Fe I,5809.22,3.88,-1.73,77.2
1812617348721111552,HIRES,Fe I,5849.69,3.69,-3.14,16.0
1812617348721111552,HIRES,Fe I,5852.22,4.55,-1.24,65.9
1812617348721111552,HIRES,Fe I,5855.08,4.61,-1.6,42.1
1812617348721111552,HIRES,Fe I,5858.78,4.22,-2.17,22.0
1812617348721111552,HIRES,Fe I,5861.11,4.28,-2.51,19.1
1812617348721111552,HIRES,Fe I,5905.67,4.65,-0.87,79.5
1812617348721111552,HIRES,Fe I,5934.65,3.93,-1.26,103.0
1812617348721111552,HIRES,Fe I,5956.69,0.86,-4.59,72.9
1812617348721111552,HIRES,Fe I,6027.05,4.08,-1.23,87.9
1812617348721111552,HIRES,Fe I,6054.07,4.37,-2.31,19.8
1812617348721111552,HIRES,Fe I,6079.01,4.65,-1.06,128.0
1812617348721111552,HIRES,Fe I,6082.71,2.22,-3.61,65.4
1812617348721111552,HIRES,Fe I,6093.64,4.61,-1.39,53.6
1812617348721111552,HIRES,Fe I,6127.9,4.14,-1.43,74.5
1812617348721111552,HIRES,Fe I,6151.62,2.18,-3.36,73.8
1812617348721111552,HIRES,Fe I,6157.73,4.07,-1.38,87.0
1812617348721111552,HIRES,Fe I,6159.38,4.61,-1.99,25.2
1812617348721111552,HIRES,Fe I,6165.37,4.14,-1.55,67.7
1812617348721111552,HIRES,Fe I,6170.51,4.79,-0.46,119.0
1812617348721111552,HIRES,Fe I,6173.34,2.22,-2.9,91.5
1812617348721111552,HIRES,Fe I,6180.2,2.73,-2.62,96.7
1812617348721111552,HIRES,Fe I,6187.99,3.94,-1.73,71.4
1812617348721111552,HIRES,Fe I,6200.31,2.61,-2.43,101.8
1812617348721111552,HIRES,Fe I,6213.43,2.22,-2.64,108.4
1812617348721111552,HIRES,Fe I,6219.28,2.2,-2.51,118.8
1812617348721111552,HIRES,Fe I,6220.78,3.88,-2.38,42.6
1812617348721111552,HIRES,Fe I,6226.74,3.88,-2.16,51.6
1812617348721111552,HIRES,Fe I,6229.23,2.84,-2.92,68.4
1812617348721111552,HIRES,Fe I,6240.65,2.22,-3.36,71.1
1812617348721111552,HIRES,Fe I,6265.13,2.18,-2.56,115.4
1812617348721111552,HIRES,Fe I,6270.23,2.86,-2.63,77.8
1812617348721111552,HIRES,Fe I,6297.79,2.22,-2.83,102.1
1812617348721111552,HIRES,Fe I,6311.5,2.83,-3.09,90.2
1812617348721111552,HIRES,Fe I,6315.81,4.07,-1.73,94.6
1812617348721111552,HIRES,Fe I,6322.69,2.59,-2.37,110.1
1812617348721111552,HIRES,Fe I,6380.74,4.19,-1.38,77.6
1812617348721111552,HIRES,Fe I,6392.54,2.28,-4.06,33.2
1812617348721111552,HIRES,Fe I,6419.95,4.73,-0.38,131.8
1812617348721111552,HIRES,Fe I,6569.22,4.73,-0.61,100.5
1812617348721111552,HIRES,Fe I,6574.23,0.99,-4.99,52.5
1812617348721111552,HIRES,Fe I,6593.87,2.43,-2.44,113.5
1812617348721111552,HIRES,Fe I,6597.56,4.79,-1.01,63.5
1812617348721111552,HIRES,Fe I,6608.02,2.28,-4.03,35.2
1812617348721111552,HIRES,Fe I,6625.02,1.01,-5.31,38.4
1812617348721111552,HIRES,Fe I,6627.54,4.55,-1.53,50.0
1812617348721111552,HIRES,Fe I,6646.93,2.61,-4.05,26.1
1812617348721111552,HIRES,Fe I,6653.85,4.14,-2.52,22.3
1812617348721111552,HIRES,Fe I,6696.32,2.68,-3.73,129.4
1812617348721111552,HIRES,Fe I,6699.14,4.59,-2.15,21.4
1812617348721111552,HIRES,Fe I,6703.57,2.76,-3.06,65.7
1812617348721111552,HIRES,Fe I,6704.48,4.22,-2.6,13.6
1812617348721111552,HIRES,Fe I,6710.32,1.48,-4.9,36.1
1812617348721111552,HIRES,Fe I,6713.77,4.79,-1.49,38.8
1812617348721111552,HIRES,Fe I,6716.24,4.58,-1.78,33.4
1812617348721111552,HIRES,Fe I,6725.35,4.1,-2.29,36.2
1812617348721111552,HIRES,Fe I,6726.67,4.61,-1.09,67.7
1812617348721111552,HIRES,Fe I,6733.15,4.64,-1.47,50.1
1812617348721111552,HIRES,Fe I,6739.52,1.56,-4.96,27.6
1812617348721111552,HIRES,Fe II,5991.38,3.15,-3.63,73.5
1812617348721111552,HIRES,Fe II,6084.11,3.2,-3.9,40.7
1812617348721111552,HIRES,Fe II,6113.33,3.22,-4.22,48.6
1812617348721111552,HIRES,Fe II,6149.26,3.89,-2.77,56.7
1812617348721111552,HIRES,Fe II,6247.56,3.89,-2.39,83.0
1812617348721111552,HIRES,Fe II,6369.46,2.89,-4.17,37.4
1817438775924874496,PEPSI,Fe I,5522.45,4.21,-1.49,74.0
1817438775924874496,PEPSI,Fe I,5546.51,4.37,-1.18,95.4
1817438775924874496,PEPSI,Fe I,5560.21,4.43,-1.14,76.8
1817438775924874496,PEPSI,Fe I,5577.02,5.03,-1.61,27.3
1817438775924874496,PEPSI,Fe I,5618.63,4.21,-1.39,72.1
1817438775924874496,PEPSI,Fe I,5619.61,4.39,-1.51,80.6
1817438775924874496,PEPSI,Fe I,5701.55,2.56,-2.22,144.3
1817438775924874496,PEPSI,Fe I,5705.47,4.3,-1.52,71.7
1817438775924874496,PEPSI,Fe I,5741.85,4.26,-1.71,64.6
1817438775924874496,PEPSI,Fe I,5753.13,4.26,-0.77,108.6
1817438775924874496,PEPSI,Fe I,5775.08,4.22,-1.16,93.7
1817438775924874496,PEPSI,Fe I,5778.46,2.59,-3.57,73.0
1817438775924874496,PEPSI,Fe I,5809.22,3.88,-1.73,103.4
1817438775924874496,PEPSI,Fe I,5849.69,3.69,-3.14,33.1
1817438775924874496,PEPSI,Fe I,5852.22,4.55,-1.24,95.5
1817438775924874496,PEPSI,Fe I,5855.08,4.61,-1.6,50.7
1817438775924874496,PEPSI,Fe I,5858.78,4.22,-2.17,35.4
1817438775924874496,PEPSI,Fe I,5861.11,4.28,-2.51,31.4
1817438775924874496,PEPSI,Fe I,6054.07,4.37,-2.31,34.5
1817438775924874496,PEPSI,Fe I,6079.01,4.65,-1.06,75.6
1817438775924874496,PEPSI,Fe I,6093.64,4.61,-1.39,62.3
1817438775924874496,PEPSI,Fe I,6127.9,4.14,-1.43,85.2
1817438775924874496,PEPSI,Fe I,6151.62,2.18,-3.36,97.0
1817438775924874496,PEPSI,Fe I,6157.73,4.07,-1.38,103.9
1817438775924874496,PEPSI,Fe I,6159.38,4.61,-1.99,45.4
1817438775924874496,PEPSI,Fe I,6165.37,4.14,-1.55,76.9
1817438775924874496,PEPSI,Fe I,6173.34,2.22,-2.9,123.0
1817438775924874496,PEPSI,Fe I,6180.2,2.73,-2.62,111.5
1817438775924874496,PEPSI,Fe I,6187.99,3.94,-1.73,91.0
1817438775924874496,PEPSI,Fe I,6200.31,2.61,-2.43,126.7
1817438775924874496,PEPSI,Fe I,6265.13,2.18,-2.56,167.5
1817438775924874496,PEPSI,Fe I,6270.23,2.86,-2.63,101.4
1817438775924874496,PEPSI,Fe I,6311.5,2.83,-3.09,71.8
1817438775924874496,PEPSI,Fe I,6315.81,4.07,-1.73,72.7
1817438775924874496,PEPSI,Fe I,6322.69,2.59,-2.37,133.1
1817438775924874496,PEPSI,Fe I,6380.74,4.19,-1.38,105.0
1817438775924874496,PEPSI,Fe I,6392.54,2.28,-4.06,60.5
1817438775924874496,PEPSI,Fe I,6436.41,4.19,-2.38,43.5
1817438775924874496,PEPSI,Fe I,6481.87,2.28,-2.98,130.2
1817438775924874496,PEPSI,Fe I,6569.22,4.73,-0.61,121.1
1817438775924874496,PEPSI,Fe I,6574.23,0.99,-4.99,98.1
1817438775924874496,PEPSI,Fe I,6593.87,2.43,-2.44,141.9
1817438775924874496,PEPSI,Fe I,6597.56,4.79,-1.01,72.5
1817438775924874496,PEPSI,Fe I,6625.02,1.01,-5.31,145.9
1817438775924874496,PEPSI,Fe I,6627.54,4.55,-1.53,69.9
1817438775924874496,PEPSI,Fe I,6646.93,2.61,-4.05,59.5
1817438775924874496,PEPSI,Fe I,6653.85,4.14,-2.52,36.4
1817438775924874496,PEPSI,Fe I,6699.14,4.59,-2.15,32.4
1817438775924874496,PEPSI,Fe I,6703.57,2.76,-3.06,87.5
1817438775924874496,PEPSI,Fe I,6704.48,4.22,-2.6,25.1
1817438775924874496,PEPSI,Fe I,6710.32,1.48,-4.9,79.8
1817438775924874496,PEPSI,Fe I,6713.77,4.79,-1.49,48.2
1817438775924874496,PEPSI,Fe I,6716.24,4.58,-1.78,56.9
1817438775924874496,PEPSI,Fe I,6725.35,4.1,-2.29,49.9
1817438775924874496,PEPSI,Fe I,6726.67,4.61,-1.09,80.1
1817438775924874496,PEPSI,Fe I,6733.15,4.64,-1.47,59.9
1817438775924874496,PEPSI,Fe I,6739.52,1.56,-4.96,57.1
1817438775924874496,PEPSI,Fe II,6084.11,3.2,-3.9,32.3
1817438775924874496,PEPSI,Fe II,6149.26,3.89,-2.77,36.3
1817438775924874496,PEPSI,Fe II,6247.56,3.89,-2.39,44.1
1817438775924874496,PEPSI,Fe II,6369.46,2.89,-4.17,19.4
1817438775924874496,PEPSI,Fe II,6432.68,2.89,-3.6,37.7
1817438775924874496,PEPSI,Fe II,6456.38,3.9,-2.17,55.2
1817438775924874496,PEPSI,Fe II,6516.08,2.89,-3.33,82.2
1956623998681016960,PEPSI,Fe I,5522.45,4.21,-1.49,78.4
1956623998681016960,PEPSI,Fe I,5546.51,4.37,-1.18,95.9
1956623998681016960,PEPSI,Fe I,5560.21,4.43,-1.14,86.8
1956623998681016960,PEPSI,Fe I,5577.02,5.03,-1.61,39.2
1956623998681016960,PEPSI,Fe I,5618.63,4.21,-1.39,81.1
1956623998681016960,PEPSI,Fe I,5619.61,4.39,-1.51,80.4
1956623998681016960,PEPSI,Fe I,5635.83,4.26,-1.65,66.8
1956623998681016960,PEPSI,Fe I,5638.26,4.22,-0.83,126.1
1956623998681016960,PEPSI,Fe I,5651.48,4.47,-1.86,55.2
1956623998681016960,PEPSI,Fe I,5652.33,4.26,-1.81,72.1
1956623998681016960,PEPSI,Fe I,5661.35,4.28,-1.91,57.5
1956623998681016960,PEPSI,Fe I,5679.02,4.65,-0.84,97.1
1956623998681016960,PEPSI,Fe I,5701.55,2.56,-2.22,142.6
1956623998681016960,PEPSI,Fe I,5705.47,4.3,-1.52,80.8
1956623998681016960,PEPSI,Fe I,5741.85,4.26,-1.71,72.7
1956623998681016960,PEPSI,Fe I,5753.13,4.26,-0.77,117.2
1956623998681016960,PEPSI,Fe I,5775.08,4.22,-1.16,99.8
1956623998681016960,PEPSI,Fe I,5778.46,2.59,-3.57,75.2
1956623998681016960,PEPSI,Fe I,5809.22,3.88,-1.73,108.9
1956623998681016960,PEPSI,Fe I,5849.69,3.69,-3.14,39.3
1956623998681016960,PEPSI,Fe I,5852.22,4.55,-1.24,96.9
1956623998681016960,PEPSI,Fe I,5855.08,4.61,-1.6,60.0
1956623998681016960,PEPSI,Fe I,5858.78,4.22,-2.17,40.5
1956623998681016960,PEPSI,Fe I,5861.11,4.28,-2.51,34.1
1956623998681016960,PEPSI,Fe I,5905.67,4.65,-0.87,97.4
1956623998681016960,PEPSI,Fe I,5934.65,3.93,-1.26,123.3
1956623998681016960,PEPSI,Fe I,5956.69,0.86,-4.59,110.4
1956623998681016960,PEPSI,Fe I,6027.05,4.08,-1.23,107.6
1956623998681016960,PEPSI,Fe I,6079.01,4.65,-1.06,85.7
1956623998681016960,PEPSI,Fe I,6093.64,4.61,-1.39,70.1
1956623998681016960,PEPSI,Fe I,6127.9,4.14,-1.43,97.0
1956623998681016960,PEPSI,Fe I,6151.62,2.18,-3.36,101.5
1956623998681016960,PEPSI,Fe I,6157.73,4.07,-1.38,107.8
1956623998681016960,PEPSI,Fe I,6159.38,4.61,-1.99,50.1
1956623998681016960,PEPSI,Fe I,6165.37,4.14,-1.55,85.9
1956623998681016960,PEPSI,Fe I,6170.51,4.79,-0.46,179.2
1956623998681016960,PEPSI,Fe I,6173.34,2.22,-2.9,125.1
1956623998681016960,PEPSI,Fe I,6180.2,2.73,-2.62,138.9
1956623998681016960,PEPSI,Fe I,6187.99,3.94,-1.73,95.2
1956623998681016960,PEPSI,Fe I,6200.31,2.61,-2.43,132.9
1956623998681016960,PEPSI,Fe I,6213.43,2.22,-2.64,140.5
1956623998681016960,PEPSI,Fe I,6219.28,2.2,-2.51,156.6
1956623998681016960,PEPSI,Fe I,6226.74,3.88,-2.16,74.7
1956623998681016960,PEPSI,Fe I,6229.23,2.84,-2.92,91.0
1956623998681016960,PEPSI,Fe I,6265.13,2.18,-2.56,158.1
1956623998681016960,PEPSI,Fe I,6270.23,2.86,-2.63,102.6
1956623998681016960,PEPSI,Fe I,6297.79,2.22,-2.83,133.1
1956623998681016960,PEPSI,Fe I,6311.5,2.83,-3.09,86.4
1956623998681016960,PEPSI,Fe I,6322.69,2.59,-2.37,137.5
1956623998681016960,PEPSI,Fe I,6380.74,4.19,-1.38,102.5
1956623998681016960,PEPSI,Fe I,6392.54,2.28,-4.06,62.4
1956623998681016960,PEPSI,Fe I,6436.41,4.19,-2.38,48.2
1956623998681016960,PEPSI,Fe I,6481.87,2.28,-2.98,123.9
1956623998681016960,PEPSI,Fe I,6569.22,4.73,-0.61,130.0
1956623998681016960,PEPSI,Fe I,6574.23,0.99,-4.99,91.2
1956623998681016960,PEPSI,Fe I,6593.87,2.43,-2.44,148.3
1956623998681016960,PEPSI,Fe I,6597.56,4.79,-1.01,82.7
1956623998681016960,PEPSI,Fe I,6608.02,2.28,-4.03,66.6
1956623998681016960,PEPSI,Fe I,6625.02,1.01,-5.31,116.2
1956623998681016960,PEPSI,Fe I,6627.54,4.55,-1.53,74.3
1956623998681016960,PEPSI,Fe I,6646.93,2.61,-4.05,57.0
1956623998681016960,PEPSI,Fe I,6653.85,4.14,-2.52,46.2
1956623998681016960,PEPSI,Fe I,6699.14,4.59,-2.15,37.6
1956623998681016960,PEPSI,Fe I,6703.57,2.76,-3.06,89.5
1956623998681016960,PEPSI,Fe I,6704.48,4.22,-2.6,31.3
1956623998681016960,PEPSI,Fe I,6710.32,1.48,-4.9,73.0
1956623998681016960,PEPSI,Fe I,6713.77,4.79,-1.49,60.3
1956623998681016960,PEPSI,Fe I,6716.24,4.58,-1.78,58.8
1956623998681016960,PEPSI,Fe I,6725.35,4.1,-2.29,60.3
1956623998681016960,PEPSI,Fe I,6726.67,4.61,-1.09,88.8
1956623998681016960,PEPSI,Fe I,6733.15,4.64,-1.47,66.4
1956623998681016960,PEPSI,Fe I,6739.52,1.56,-4.96,57.9
1956623998681016960,PEPSI,Fe II,5991.38,3.15,-3.63,50.7
1956623998681016960,PEPSI,Fe II,6084.11,3.2,-3.9,37.2
1956623998681016960,PEPSI,Fe II,6149.26,3.89,-2.77,46.6
1956623998681016960,PEPSI,Fe II,6247.56,3.89,-2.39,62.5
1956623998681016960,PEPSI,Fe II,6369.46,2.89,-4.17,30.2
1956623998681016960,PEPSI,Fe II,6432.68,2.89,-3.6,56.3
1956623998681016960,PEPSI,Fe II,6456.38,3.9,-2.17,70.5
1956623998681016960,PEPSI,Fe II,6516.08,2.89,-3.33,77.0
2046021505262823296,PEPSI,Fe I,5522.45,4.21,-1.49,54.9
2046021505262823296,PEPSI,Fe I,5546.51,4.37,-1.18,65.0
2046021505262823296,PEPSI,Fe I,5560.21,4.43,-1.14,65.4
2046021505262823296,PEPSI,Fe I,5577.02,5.03,-1.61,23.1
2046021505262823296,PEPSI,Fe I,5618.63,4.21,-1.39,61.6
2046021505262823296,PEPSI,Fe I,5619.61,4.39,-1.51,47.9
2046021505262823296,PEPSI,Fe I,5635.83,4.26,-1.65,45.6
2046021505262823296,PEPSI,Fe I,5638.26,4.22,-0.83,86.2
2046021505262823296,PEPSI,Fe I,5651.48,4.47,-1.86,30.5
2046021505262823296,PEPSI,Fe I,5652.33,4.26,-1.81,48.1
2046021505262823296,PEPSI,Fe I,5661.35,4.28,-1.91,21.2
2046021505262823296,PEPSI,Fe I,5662.52,4.18,-0.65,150.9
2046021505262823296,PEPSI,Fe I,5679.02,4.65,-0.84,73.3
2046021505262823296,PEPSI,Fe I,5701.55,2.56,-2.22,99.0
2046021505262823296,PEPSI,Fe I,5705.47,4.3,-1.52,44.5
2046021505262823296,PEPSI,Fe I,5741.85,4.26,-1.71,46.6
2046021505262823296,PEPSI,Fe I,5753.13,4.26,-0.77,85.3
2046021505262823296,PEPSI,Fe I,5775.08,4.22,-1.16,75.8
2046021505262823296,PEPSI,Fe I,5778.46,2.59,-3.57,35.1
2046021505262823296,PEPSI,Fe I,5809.22,3.88,-1.73,67.3
2046021505262823296,PEPSI,Fe I,5849.69,3.69,-3.14,16.7
2046021505262823296,PEPSI,Fe I,5852.22,4.55,-1.24,59.1
2046021505262823296,PEPSI,Fe I,5855.08,4.61,-1.6,36.9
2046021505262823296,PEPSI,Fe I,5858.78,4.22,-2.17,12.2
2046021505262823296,PEPSI,Fe I,5861.11,4.28,-2.51,12.9
2046021505262823296,PEPSI,Fe I,5905.67,4.65,-0.87,67.6
2046021505262823296,PEPSI,Fe I,5934.65,3.93,-1.26,92.9
2046021505262823296,PEPSI,Fe I,5956.69,0.86,-4.59,55.8
2046021505262823296,PEPSI,Fe I,6027.05,4.08,-1.23,83.4
2046021505262823296,PEPSI,Fe I,6079.01,4.65,-1.06,65.3
2046021505262823296,PEPSI,Fe I,6082.71,2.22,-3.61,54.2
2046021505262823296,PEPSI,Fe I,6093.64,4.61,-1.39,44.7
2046021505262823296,PEPSI,Fe I,6127.9,4.14,-1.43,65.3
2046021505262823296,PEPSI,Fe I,6151.62,2.18,-3.36,62.1
2046021505262823296,PEPSI,Fe I,6157.73,4.07,-1.38,85.5
2046021505262823296,PEPSI,Fe I,6159.38,4.61,-1.99,23.3
2046021505262823296,PEPSI,Fe I,6165.37,4.14,-1.55,63.2
2046021505262823296,PEPSI,Fe I,6170.51,4.79,-0.46,96.4
2046021505262823296,PEPSI,Fe I,6173.34,2.22,-2.9,90.2
2046021505262823296,PEPSI,Fe I,6180.2,2.73,-2.62,82.5
2046021505262823296,PEPSI,Fe I,6187.99,3.94,-1.73,59.8
2046021505262823296,PEPSI,Fe I,6200.31,2.61,-2.43,90.8
2046021505262823296,PEPSI,Fe I,6213.43,2.22,-2.64,101.4
2046021505262823296,PEPSI,Fe I,6219.28,2.2,-2.51,110.0
2046021505262823296,PEPSI,Fe I,6220.78,3.88,-2.38,39.4
2046021505262823296,PEPSI,Fe I,6226.74,3.88,-2.16,39.2
2046021505262823296,PEPSI,Fe I,6229.23,2.84,-2.92,54.2
2046021505262823296,PEPSI,Fe I,6240.65,2.22,-3.36,81.0
2046021505262823296,PEPSI,Fe I,6265.13,2.18,-2.56,113.8
2046021505262823296,PEPSI,Fe I,6270.23,2.86,-2.63,77.7
2046021505262823296,PEPSI,Fe I,6297.79,2.22,-2.83,90.2
2046021505262823296,PEPSI,Fe I,6311.5,2.83,-3.09,74.6
2046021505262823296,PEPSI,Fe I,6322.69,2.59,-2.37,94.7
2046021505262823296,PEPSI,Fe I,6380.74,4.19,-1.38,78.2
2046021505262823296,PEPSI,Fe I,6392.54,2.28,-4.06,30.7
2046021505262823296,PEPSI,Fe I,6419.95,4.73,-0.38,113.9
2046021505262823296,PEPSI,Fe I,6436.41,4.19,-2.38,26.4
2046021505262823296,PEPSI,Fe I,6481.87,2.28,-2.98,98.6
2046021505262823296,PEPSI,Fe I,6518.37,2.83,-2.58,95.5
2046021505262823296,PEPSI,Fe I,6569.22,4.73,-0.61,99.5
2046021505262823296,PEPSI,Fe I,6574.23,0.99,-4.99,38.8
2046021505262823296,PEPSI,Fe I,6593.87,2.43,-2.44,99.9
2046021505262823296,PEPSI,Fe I,6597.56,4.79,-1.01,57.8
2046021505262823296,PEPSI,Fe I,6608.02,2.28,-4.03,21.4
2046021505262823296,PEPSI,Fe I,6625.02,1.01,-5.31,28.9
2046021505262823296,PEPSI,Fe I,6627.54,4.55,-1.53,50.4
2046021505262823296,PEPSI,Fe I,6646.93,2.61,-4.05,21.8
2046021505262823296,PEPSI,Fe I,6653.85,4.14,-2.52,34.6
2046021505262823296,PEPSI,Fe I,6696.32,2.68,-3.73,100.6
2046021505262823296,PEPSI,Fe I,6703.57,2.76,-3.06,54.4
2046021505262823296,PEPSI,Fe I,6704.48,4.22,-2.6,10.3
2046021505262823296,PEPSI,Fe I,6710.32,1.48,-4.9,25.3
2046021505262823296,PEPSI,Fe I,6713.77,4.79,-1.49,44.6
2046021505262823296,PEPSI,Fe I,6716.24,4.58,-1.78,30.4
2046021505262823296,PEPSI,Fe I,6725.35,4.1,-2.29,27.1
2046021505262823296,PEPSI,Fe I,6726.67,4.61,-1.09,69.2
2046021505262823296,PEPSI,Fe I,6733.15,4.64,-1.47,36.3
2046021505262823296,PEPSI,Fe I,6739.52,1.56,-4.96,16.2
2046021505262823296,PEPSI,Fe II,5991.38,3.15,-3.63,63.0
2046021505262823296,PEPSI,Fe II,6084.11,3.2,-3.9,45.9
2046021505262823296,PEPSI,Fe II,6113.33,3.22,-4.22,59.5
2046021505262823296,PEPSI,Fe II,6149.26,3.89,-2.77,69.3
2046021505262823296,PEPSI,Fe II,6247.56,3.89,-2.39,102.7
2046021505262823296,PEPSI,Fe II,6369.46,2.89,-4.17,52.0
2046021505262823296,PEPSI,Fe II,6432.68,2.89,-3.6,75.5
2046021505262823296,PEPSI,Fe II,6456.38,3.9,-2.17,93.6
2046021505262823296,PEPSI,Fe II,6516.08,2.89,-3.33,102.6
2060055328082386304,PEPSI,Fe I,5522.45,4.21,-1.49,76.0
2060055328082386304,PEPSI,Fe I,5546.51,4.37,-1.18,105.3
2060055328082386304,PEPSI,Fe I,5560.21,4.43,-1.14,83.5
2060055328082386304,PEPSI,Fe I,5577.02,5.03,-1.61,34.9
2060055328082386304,PEPSI,Fe I,5618.63,4.21,-1.39,74.2
2060055328082386304,PEPSI,Fe I,5619.61,4.39,-1.51,84.9
2060055328082386304,PEPSI,Fe I,5635.83,4.26,-1.65,61.6
2060055328082386304,PEPSI,Fe I,5638.26,4.22,-0.83,118.2
2060055328082386304,PEPSI,Fe I,5651.48,4.47,-1.86,52.4
2060055328082386304,PEPSI,Fe I,5652.33,4.26,-1.81,67.7
2060055328082386304,PEPSI,Fe I,5661.35,4.28,-1.91,69.1
2060055328082386304,PEPSI,Fe I,5679.02,4.65,-0.84,88.5
2060055328082386304,PEPSI,Fe I,5701.55,2.56,-2.22,159.2
2060055328082386304,PEPSI,Fe I,5705.47,4.3,-1.52,76.7
2060055328082386304,PEPSI,Fe I,5741.85,4.26,-1.71,69.4
2060055328082386304,PEPSI,Fe I,5753.13,4.26,-0.77,104.8
2060055328082386304,PEPSI,Fe I,5775.08,4.22,-1.16,96.8
2060055328082386304,PEPSI,Fe I,5778.46,2.59,-3.57,85.2
2060055328082386304,PEPSI,Fe I,5809.22,3.88,-1.73,111.8
2060055328082386304,PEPSI,Fe I,5849.69,3.69,-3.14,40.5
2060055328082386304,PEPSI,Fe I,5852.22,4.55,-1.24,122.5
2060055328082386304,PEPSI,Fe I,5855.08,4.61,-1.6,55.4
2060055328082386304,PEPSI,Fe I,5858.78,4.22,-2.17,36.7
2060055328082386304,PEPSI,Fe I,5861.11,4.28,-2.51,36.0
2060055328082386304,PEPSI,Fe I,5905.67,4.65,-0.87,91.0
2060055328082386304,PEPSI,Fe I,5934.65,3.93,-1.26,121.0
2060055328082386304,PEPSI,Fe I,5956.69,0.86,-4.59,123.9
2060055328082386304,PEPSI,Fe I,6027.05,4.08,-1.23,104.6
2060055328082386304,PEPSI,Fe I,6079.01,4.65,-1.06,79.5
2060055328082386304,PEPSI,Fe I,6093.64,4.61,-1.39,67.8
2060055328082386304,PEPSI,Fe I,6127.9,4.14,-1.43,96.2
2060055328082386304,PEPSI,Fe I,6151.62,2.18,-3.36,108.7
2060055328082386304,PEPSI,Fe I,6157.73,4.07,-1.38,122.8
2060055328082386304,PEPSI,Fe I,6159.38,4.61,-1.99,57.0
2060055328082386304,PEPSI,Fe I,6165.37,4.14,-1.55,83.6
2060055328082386304,PEPSI,Fe I,6173.34,2.22,-2.9,138.2
2060055328082386304,PEPSI,Fe I,6180.2,2.73,-2.62,140.2
2060055328082386304,PEPSI,Fe I,6187.99,3.94,-1.73,96.1
2060055328082386304,PEPSI,Fe I,6200.31,2.61,-2.43,138.6
2060055328082386304,PEPSI,Fe I,6219.28,2.2,-2.51,159.8
2060055328082386304,PEPSI,Fe I,6226.74,3.88,-2.16,69.5
2060055328082386304,PEPSI,Fe I,6229.23,2.84,-2.92,88.9
2060055328082386304,PEPSI,Fe I,6265.13,2.18,-2.56,190.7
2060055328082386304,PEPSI,Fe I,6270.23,2.86,-2.63,108.1
2060055328082386304,PEPSI,Fe I,6297.79,2.22,-2.83,149.6
2060055328082386304,PEPSI,Fe I,6315.81,4.07,-1.73,92.7
2060055328082386304,PEPSI,Fe I,6322.69,2.59,-2.37,142.2
2060055328082386304,PEPSI,Fe I,6380.74,4.19,-1.38,117.7
2060055328082386304,PEPSI,Fe I,6436.41,4.19,-2.38,57.2
2060055328082386304,PEPSI,Fe I,6481.87,2.28,-2.98,145.8
2060055328082386304,PEPSI,Fe I,6518.37,2.83,-2.58,104.0
2060055328082386304,PEPSI,Fe I,6569.22,4.73,-0.61,134.9
2060055328082386304,PEPSI,Fe I,6574.23,0.99,-4.99,109.9
2060055328082386304,PEPSI,Fe I,6593.87,2.43,-2.44,152.4
2060055328082386304,PEPSI,Fe I,6597.56,4.79,-1.01,74.5
2060055328082386304,PEPSI,Fe I,6608.02,2.28,-4.03,77.8
2060055328082386304,PEPSI,Fe I,6625.02,1.01,-5.31,190.6
2060055328082386304,PEPSI,Fe I,6627.54,4.55,-1.53,80.5
2060055328082386304,PEPSI,Fe I,6646.93,2.61,-4.05,83.9
2060055328082386304,PEPSI,Fe I,6653.85,4.14,-2.52,43.3
2060055328082386304,PEPSI,Fe I,6699.14,4.59,-2.15,38.7
2060055328082386304,PEPSI,Fe I,6703.57,2.76,-3.06,100.0
2060055328082386304,PEPSI,Fe I,6704.48,4.22,-2.6,30.8
2060055328082386304,PEPSI,Fe I,6710.32,1.48,-4.9,108.0
2060055328082386304,PEPSI,Fe I,6713.77,4.79,-1.49,55.1
2060055328082386304,PEPSI,Fe I,6716.24,4.58,-1.78,68.2
2060055328082386304,PEPSI,Fe I,6725.35,4.1,-2.29,57.7
2060055328082386304,PEPSI,Fe I,6726.67,4.61,-1.09,85.2
2060055328082386304,PEPSI,Fe I,6733.15,4.64,-1.47,62.5
2060055328082386304,PEPSI,Fe I,6739.52,1.56,-4.96,66.5
2060055328082386304,PEPSI,Fe II,6084.11,3.2,-3.9,35.4
2060055328082386304,PEPSI,Fe II,6149.26,3.89,-2.77,34.0
2060055328082386304,PEPSI,Fe II,6247.56,3.89,-2.39,43.7
2060055328082386304,PEPSI,Fe II,6369.46,2.89,-4.17,20.6
2060055328082386304,PEPSI,Fe II,6432.68,2.89,-3.6,39.7
2060055328082386304,PEPSI,Fe II,6456.38,3.9,-2.17,52.7
2060055328082386304,PEPSI,Fe II,6516.08,2.89,-3.33,92.7
2076073979856273664,PEPSI,Fe I,5522.45,4.21,-1.49,58.8
2076073979856273664,PEPSI,Fe I,5546.51,4.37,-1.18,72.2
2076073979856273664,PEPSI,Fe I,5560.21,4.43,-1.14,69.7
2076073979856273664,PEPSI,Fe I,5577.02,5.03,-1.61,27.9
2076073979856273664,PEPSI,Fe I,5618.63,4.21,-1.39,68.1
2076073979856273664,PEPSI,Fe I,5619.61,4.39,-1.51,53.4
2076073979856273664,PEPSI,Fe I,5635.83,4.26,-1.65,44.9
2076073979856273664,PEPSI,Fe I,5638.26,4.22,-0.83,93.3
2076073979856273664,PEPSI,Fe I,5651.48,4.47,-1.86,34.4
2076073979856273664,PEPSI,Fe I,5652.33,4.26,-1.81,48.7
2076073979856273664,PEPSI,Fe I,5661.35,4.28,-1.91,27.8
2076073979856273664,PEPSI,Fe I,5679.02,4.65,-0.84,76.5
2076073979856273664,PEPSI,Fe I,5701.55,2.56,-2.22,104.2
2076073979856273664,PEPSI,Fe I,5705.47,4.3,-1.52,51.6
2076073979856273664,PEPSI,Fe I,5741.85,4.26,-1.71,50.3
2076073979856273664,PEPSI,Fe I,5753.13,4.26,-0.77,96.5
2076073979856273664,PEPSI,Fe I,5775.08,4.22,-1.16,79.2
2076073979856273664,PEPSI,Fe I,5778.46,2.59,-3.57,36.1
2076073979856273664,PEPSI,Fe I,5809.22,3.88,-1.73,74.9
2076073979856273664,PEPSI,Fe I,5849.69,3.69,-3.14,14.6
2076073979856273664,PEPSI,Fe I,5852.22,4.55,-1.24,59.7
2076073979856273664,PEPSI,Fe I,5855.08,4.61,-1.6,39.5
2076073979856273664,PEPSI,Fe I,5858.78,4.22,-2.17,18.2
2076073979856273664,PEPSI,Fe I,5861.11,4.28,-2.51,16.2
2076073979856273664,PEPSI,Fe I,5905.67,4.65,-0.87,78.3
2076073979856273664,PEPSI,Fe I,5934.65,3.93,-1.26,95.7
2076073979856273664,PEPSI,Fe I,5956.69,0.86,-4.59,59.8
2076073979856273664,PEPSI,Fe I,6027.05,4.08,-1.23,85.7
2076073979856273664,PEPSI,Fe I,6079.01,4.65,-1.06,67.4
2076073979856273664,PEPSI,Fe I,6082.71,2.22,-3.61,59.1
2076073979856273664,PEPSI,Fe I,6093.64,4.61,-1.39,50.8
2076073979856273664,PEPSI,Fe I,6127.9,4.14,-1.43,75.2
2076073979856273664,PEPSI,Fe I,6151.62,2.18,-3.36,63.7
2076073979856273664,PEPSI,Fe I,6157.73,4.07,-1.38,87.8
2076073979856273664,PEPSI,Fe I,6159.38,4.61,-1.99,20.2
2076073979856273664,PEPSI,Fe I,6165.37,4.14,-1.55,65.2
2076073979856273664,PEPSI,Fe I,6170.51,4.79,-0.46,108.6
2076073979856273664,PEPSI,Fe I,6173.34,2.22,-2.9,90.2
2076073979856273664,PEPSI,Fe I,6180.2,2.73,-2.62,91.3
2076073979856273664,PEPSI,Fe I,6187.99,3.94,-1.73,66.6
2076073979856273664,PEPSI,Fe I,6200.31,2.61,-2.43,98.4
2076073979856273664,PEPSI,Fe I,6213.43,2.22,-2.64,98.2
2076073979856273664,PEPSI,Fe I,6219.28,2.2,-2.51,107.3
2076073979856273664,PEPSI,Fe I,6220.78,3.88,-2.38,48.8
2076073979856273664,PEPSI,Fe I,6226.74,3.88,-2.16,48.9
2076073979856273664,PEPSI,Fe I,6229.23,2.84,-2.92,59.5
2076073979856273664,PEPSI,Fe I,6240.65,2.22,-3.36,78.4
2076073979856273664,PEPSI,Fe I,6265.13,2.18,-2.56,107.4
2076073979856273664,PEPSI,Fe I,6270.23,2.86,-2.63,81.4
2076073979856273664,PEPSI,Fe I,6297.79,2.22,-2.83,100.2
2076073979856273664,PEPSI,Fe I,6311.5,2.83,-3.09,72.4
2076073979856273664,PEPSI,Fe I,6315.81,4.07,-1.73,66.6
2076073979856273664,PEPSI,Fe I,6322.69,2.59,-2.37,103.9
2076073979856273664,PEPSI,Fe I,6380.74,4.19,-1.38,79.2
2076073979856273664,PEPSI,Fe I,6392.54,2.28,-4.06,26.5
2076073979856273664,PEPSI,Fe I,6419.95,4.73,-0.38,125.7
2076073979856273664,PEPSI,Fe I,6436.41,4.19,-2.38,24.9
2076073979856273664,PEPSI,Fe I,6481.87,2.28,-2.98,93.2
2076073979856273664,PEPSI,Fe I,6518.37,2.83,-2.58,99.8
2076073979856273664,PEPSI,Fe I,6569.22,4.73,-0.61,97.4
2076073979856273664,PEPSI,Fe I,6574.23,0.99,-4.99,38.0
2076073979856273664,PEPSI,Fe I,6593.87,2.43,-2.44,103.5
2076073979856273664,PEPSI,Fe I,6597.56,4.79,-1.01,62.6
2076073979856273664,PEPSI,Fe I,6608.02,2.28,-4.03,27.5
2076073979856273664,PEPSI,Fe I,6625.02,1.01,-5.31,31.6
2076073979856273664,PEPSI,Fe I,6627.54,4.55,-1.53,55.4
2076073979856273664,PEPSI,Fe I,6646.93,2.61,-4.05,25.5
2076073979856273664,PEPSI,Fe I,6653.85,4.14,-2.52,25.9
2076073979856273664,PEPSI,Fe I,6696.32,2.68,-3.73,111.0
2076073979856273664,PEPSI,Fe I,6703.57,2.76,-3.06,55.3
2076073979856273664,PEPSI,Fe I,6704.48,4.22,-2.6,15.5
2076073979856273664,PEPSI,Fe I,6710.32,1.48,-4.9,28.5
2076073979856273664,PEPSI,Fe I,6713.77,4.79,-1.49,37.5
2076073979856273664,PEPSI,Fe I,6716.24,4.58,-1.78,27.9
2076073979856273664,PEPSI,Fe I,6725.35,4.1,-2.29,33.3
2076073979856273664,PEPSI,Fe I,6726.67,4.61,-1.09,70.0
2076073979856273664,PEPSI,Fe I,6733.15,4.64,-1.47,48.6
2076073979856273664,PEPSI,Fe I,6739.52,1.56,-4.96,23.4
2076073979856273664,PEPSI,Fe II,5991.38,3.15,-3.63,69.4
2076073979856273664,PEPSI,Fe II,6084.11,3.2,-3.9,44.2
2076073979856273664,PEPSI,Fe II,6113.33,3.22,-4.22,63.5
2076073979856273664,PEPSI,Fe II,6149.26,3.89,-2.77,65.6
2076073979856273664,PEPSI,Fe II,6247.56,3.89,-2.39,97.7
2076073979856273664,PEPSI,Fe II,6369.46,2.89,-4.17,42.1
2076073979856273664,PEPSI,Fe II,6432.68,2.89,-3.6,73.8
2076073979856273664,PEPSI,Fe II,6456.38,3.9,-2.17,101.2
2076073979856273664,PEPSI,Fe II,6516.08,2.89,-3.33,88.6
2250537578633588352,HIRES,Fe I,5522.45,4.21,-1.49,79.3
2250537578633588352,HIRES,Fe I,5546.51,4.37,-1.18,100.3
2250537578633588352,HIRES,Fe I,5560.21,4.43,-1.14,77.5
2250537578633588352,HIRES,Fe I,5577.02,5.03,-1.61,29.2
2250537578633588352,HIRES,Fe I,5618.63,4.21,-1.39,56.7
2250537578633588352,HIRES,Fe I,5619.61,4.39,-1.51,80.6
2250537578633588352,HIRES,Fe I,5635.83,4.26,-1.65,53.6
2250537578633588352,HIRES,Fe I,5638.26,4.22,-0.83,113.6
2250537578633588352,HIRES,Fe I,5651.48,4.47,-1.86,45.4
2250537578633588352,HIRES,Fe I,5652.33,4.26,-1.81,62.5
2250537578633588352,HIRES,Fe I,5661.35,4.28,-1.91,53.9
2250537578633588352,HIRES,Fe I,5679.02,4.65,-0.84,89.8
2250537578633588352,HIRES,Fe I,5701.55,2.56,-2.22,146.5
2250537578633588352,HIRES,Fe I,5705.47,4.3,-1.52,74.5
2250537578633588352,HIRES,Fe I,5741.85,4.26,-1.71,66.7
2250537578633588352,HIRES,Fe I,5753.13,4.26,-0.77,108.1
2250537578633588352,HIRES,Fe I,5775.08,4.22,-1.16,97.2
2250537578633588352,HIRES,Fe I,5778.46,2.59,-3.57,68.5
2250537578633588352,HIRES,Fe I,5809.22,3.88,-1.73,98.2
2250537578633588352,HIRES,Fe I,5849.69,3.69,-3.14,31.6
2250537578633588352,HIRES,Fe I,5852.22,4.55,-1.24,86.7
2250537578633588352,HIRES,Fe I,5855.08,4.61,-1.6,52.2
2250537578633588352,HIRES,Fe I,5858.78,4.22,-2.17,36.4
2250537578633588352,HIRES,Fe I,5861.11,4.28,-2.51,33.2
2250537578633588352,HIRES,Fe I,5905.67,4.65,-0.87,90.9
2250537578633588352,HIRES,Fe I,5934.65,3.93,-1.26,123.7
2250537578633588352,HIRES,Fe I,5956.69,0.86,-4.59,101.9
2250537578633588352,HIRES,Fe I,6027.05,4.08,-1.23,99.1
2250537578633588352,HIRES,Fe I,6054.07,4.37,-2.31,35.0
2250537578633588352,HIRES,Fe I,6079.01,4.65,-1.06,81.7
2250537578633588352,HIRES,Fe I,6093.64,4.61,-1.39,69.6
2250537578633588352,HIRES,Fe I,6127.9,4.14,-1.43,92.7
2250537578633588352,HIRES,Fe I,6151.62,2.18,-3.36,92.6
2250537578633588352,HIRES,Fe I,6157.73,4.07,-1.38,109.4
2250537578633588352,HIRES,Fe I,6159.38,4.61,-1.99,43.3
2250537578633588352,HIRES,Fe I,6165.37,4.14,-1.55,80.2
2250537578633588352,HIRES,Fe I,6170.51,4.79,-0.46,192.8
2250537578633588352,HIRES,Fe I,6173.34,2.22,-2.9,120.2
2250537578633588352,HIRES,Fe I,6180.2,2.73,-2.62,127.2
2250537578633588352,HIRES,Fe I,6187.99,3.94,-1.73,89.1
2250537578633588352,HIRES,Fe I,6200.31,2.61,-2.43,125.8
2250537578633588352,HIRES,Fe I,6219.28,2.2,-2.51,147.7
2250537578633588352,HIRES,Fe I,6226.74,3.88,-2.16,64.8
2250537578633588352,HIRES,Fe I,6229.23,2.84,-2.92,87.0
2250537578633588352,HIRES,Fe I,6265.13,2.18,-2.56,156.1
2250537578633588352,HIRES,Fe I,6270.23,2.86,-2.63,98.4
2250537578633588352,HIRES,Fe I,6297.79,2.22,-2.83,127.2
2250537578633588352,HIRES,Fe I,6311.5,2.83,-3.09,111.5
2250537578633588352,HIRES,Fe I,6315.81,4.07,-1.73,82.0
2250537578633588352,HIRES,Fe I,6322.69,2.59,-2.37,127.1
2250537578633588352,HIRES,Fe I,6380.74,4.19,-1.38,99.3
2250537578633588352,HIRES,Fe I,6392.54,2.28,-4.06,55.1
2250537578633588352,HIRES,Fe I,6569.22,4.73,-0.61,126.3
2250537578633588352,HIRES,Fe I,6574.23,0.99,-4.99,85.0
2250537578633588352,HIRES,Fe I,6593.87,2.43,-2.44,141.2
2250537578633588352,HIRES,Fe I,6597.56,4.79,-1.01,72.6
2250537578633588352,HIRES,Fe I,6608.02,2.28,-4.03,59.9
2250537578633588352,HIRES,Fe I,6625.02,1.01,-5.31,104.6
2250537578633588352,HIRES,Fe I,6627.54,4.55,-1.53,68.8
2250537578633588352,HIRES,Fe I,6646.93,2.61,-4.05,56.9
2250537578633588352,HIRES,Fe I,6653.85,4.14,-2.52,36.6
2250537578633588352,HIRES,Fe I,6699.14,4.59,-2.15,31.5
2250537578633588352,HIRES,Fe I,6703.57,2.76,-3.06,92.3
2250537578633588352,HIRES,Fe I,6704.48,4.22,-2.6,25.3
2250537578633588352,HIRES,Fe I,6710.32,1.48,-4.9,75.9
2250537578633588352,HIRES,Fe I,6713.77,4.79,-1.49,51.6
2250537578633588352,HIRES,Fe I,6716.24,4.58,-1.78,54.0
2250537578633588352,HIRES,Fe I,6725.35,4.1,-2.29,49.7
2250537578633588352,HIRES,Fe I,6726.67,4.61,-1.09,84.9
2250537578633588352,HIRES,Fe I,6733.15,4.64,-1.47,60.5
2250537578633588352,HIRES,Fe I,6739.52,1.56,-4.96,52.9
2250537578633588352,HIRES,Fe II,6084.11,3.2,-3.9,38.3
2250537578633588352,HIRES,Fe II,6113.33,3.22,-4.22,56.3
2250537578633588352,HIRES,Fe II,6149.26,3.89,-2.77,45.3
2250537578633588352,HIRES,Fe II,6247.56,3.89,-2.39,61.4
2250537578633588352,HIRES,Fe II,6369.46,2.89,-4.17,27.2
2250991230259434496,PEPSI,Fe I,5522.45,4.21,-1.49,57.5
2250991230259434496,PEPSI,Fe I,5546.51,4.37,-1.18,71.0
2250991230259434496,PEPSI,Fe I,5560.21,4.43,-1.14,68.4
2250991230259434496,PEPSI,Fe I,5577.02,5.03,-1.61,20.4
2250991230259434496,PEPSI,Fe I,5618.63,4.21,-1.39,64.1
2250991230259434496,PEPSI,Fe I,5619.61,4.39,-1.51,52.7
2250991230259434496,PEPSI,Fe I,5635.83,4.26,-1.65,45.1
2250991230259434496,PEPSI,Fe I,5638.26,4.22,-0.83,94.1
2250991230259434496,PEPSI,Fe I,5651.48,4.47,-1.86,32.1
2250991230259434496,PEPSI,Fe I,5652.33,4.26,-1.81,43.3
2250991230259434496,PEPSI,Fe I,5661.35,4.28,-1.91,31.0
2250991230259434496,PEPSI,Fe I,5679.02,4.65,-0.84,74.3
2250991230259434496,PEPSI,Fe I,5701.55,2.56,-2.22,98.2
2250991230259434496,PEPSI,Fe I,5705.47,4.3,-1.52,53.7
2250991230259434496,PEPSI,Fe I,5741.85,4.26,-1.71,46.2
2250991230259434496,PEPSI,Fe I,5753.13,4.26,-0.77,92.4
2250991230259434496,PEPSI,Fe I,5775.08,4.22,-1.16,76.2
2250991230259434496,PEPSI,Fe I,5778.46,2.59,-3.57,37.6
2250991230259434496,PEPSI,Fe I,5809.22,3.88,-1.73,72.1
2250991230259434496,PEPSI,Fe I,5849.69,3.69,-3.14,14.0
2250991230259434496,PEPSI,Fe I,5852.22,4.55,-1.24,59.9
2250991230259434496,PEPSI,Fe I,5855.08,4.61,-1.6,37.1
2250991230259434496,PEPSI,Fe I,5858.78,4.22,-2.17,19.2
2250991230259434496,PEPSI,Fe I,5861.11,4.28,-2.51,15.2
2250991230259434496,PEPSI,Fe I,5905.67,4.65,-0.87,76.6
2250991230259434496,PEPSI,Fe I,5934.65,3.93,-1.26,95.0
2250991230259434496,PEPSI,Fe I,5956.69,0.86,-4.59,63.9
2250991230259434496,PEPSI,Fe I,6027.05,4.08,-1.23,83.6
2250991230259434496,PEPSI,Fe I,6054.07,4.37,-2.31,15.6
2250991230259434496,PEPSI,Fe I,6079.01,4.65,-1.06,63.0
2250991230259434496,PEPSI,Fe I,6082.71,2.22,-3.61,54.7
2250991230259434496,PEPSI,Fe I,6093.64,4.61,-1.39,47.7
2250991230259434496,PEPSI,Fe I,6127.9,4.14,-1.43,71.1
2250991230259434496,PEPSI,Fe I,6151.62,2.18,-3.36,66.7
2250991230259434496,PEPSI,Fe I,6157.73,4.07,-1.38,80.9
2250991230259434496,PEPSI,Fe I,6159.38,4.61,-1.99,19.4
2250991230259434496,PEPSI,Fe I,6165.37,4.14,-1.55,73.4
2250991230259434496,PEPSI,Fe I,6170.51,4.79,-0.46,105.4
2250991230259434496,PEPSI,Fe I,6173.34,2.22,-2.9,86.8
2250991230259434496,PEPSI,Fe I,6180.2,2.73,-2.62,87.8
2250991230259434496,PEPSI,Fe I,6187.99,3.94,-1.73,65.6
2250991230259434496,PEPSI,Fe I,6200.31,2.61,-2.43,93.3
2250991230259434496,PEPSI,Fe I,6213.43,2.22,-2.64,100.8
2250991230259434496,PEPSI,Fe I,6219.28,2.2,-2.51,109.2
2250991230259434496,PEPSI,Fe I,6220.78,3.88,-2.38,31.9
2250991230259434496,PEPSI,Fe I,6226.74,3.88,-2.16,46.4
2250991230259434496,PEPSI,Fe I,6229.23,2.84,-2.92,57.2
2250991230259434496,PEPSI,Fe I,6240.65,2.22,-3.36,94.9
2250991230259434496,PEPSI,Fe I,6265.13,2.18,-2.56,107.2
2250991230259434496,PEPSI,Fe I,6270.23,2.86,-2.63,71.1
2250991230259434496,PEPSI,Fe I,6297.79,2.22,-2.83,94.8
2250991230259434496,PEPSI,Fe I,6311.5,2.83,-3.09,90.0
2250991230259434496,PEPSI,Fe I,6315.81,4.07,-1.73,58.7
2250991230259434496,PEPSI,Fe I,6322.69,2.59,-2.37,100.3
2250991230259434496,PEPSI,Fe I,6380.74,4.19,-1.38,73.8
2250991230259434496,PEPSI,Fe I,6392.54,2.28,-4.06,24.0
2250991230259434496,PEPSI,Fe I,6419.95,4.73,-0.38,109.8
2250991230259434496,PEPSI,Fe I,6436.41,4.19,-2.38,21.2
2250991230259434496,PEPSI,Fe I,6481.87,2.28,-2.98,83.4
2250991230259434496,PEPSI,Fe I,6518.37,2.83,-2.58,74.2
2250991230259434496,PEPSI,Fe I,6569.22,4.73,-0.61,96.2
2250991230259434496,PEPSI,Fe I,6574.23,0.99,-4.99,40.6
2250991230259434496,PEPSI,Fe I,6593.87,2.43,-2.44,104.0
2250991230259434496,PEPSI,Fe I,6597.56,4.79,-1.01,61.3
2250991230259434496,PEPSI,Fe I,6608.02,2.28,-4.03,24.9
2250991230259434496,PEPSI,Fe I,6625.02,1.01,-5.31,31.9
2250991230259434496,PEPSI,Fe I,6627.54,4.55,-1.53,47.5
2250991230259434496,PEPSI,Fe I,6646.93,2.61,-4.05,19.1
2250991230259434496,PEPSI,Fe I,6653.85,4.14,-2.52,20.9
2250991230259434496,PEPSI,Fe I,6696.32,2.68,-3.73,114.2
2250991230259434496,PEPSI,Fe I,6699.14,4.59,-2.15,18.5
2250991230259434496,PEPSI,Fe I,6703.57,2.76,-3.06,56.7
2250991230259434496,PEPSI,Fe I,6704.48,4.22,-2.6,12.2
2250991230259434496,PEPSI,Fe I,6710.32,1.48,-4.9,29.3
2250991230259434496,PEPSI,Fe I,6713.77,4.79,-1.49,35.5
2250991230259434496,PEPSI,Fe I,6716.24,4.58,-1.78,28.8
2250991230259434496,PEPSI,Fe I,6725.35,4.1,-2.29,32.3
2250991230259434496,PEPSI,Fe I,6726.67,4.61,-1.09,65.7
2250991230259434496,PEPSI,Fe I,6733.15,4.64,-1.47,44.7
2250991230259434496,PEPSI,Fe I,6739.52,1.56,-4.96,18.1
2250991230259434496,PEPSI,Fe II,5991.38,3.15,-3.63,61.2
2250991230259434496,PEPSI,Fe II,6084.11,3.2,-3.9,43.8
2250991230259434496,PEPSI,Fe II,6113.33,3.22,-4.22,57.5
2250991230259434496,PEPSI,Fe II,6149.26,3.89,-2.77,61.6
2250991230259434496,PEPSI,Fe II,6247.56,3.89,-2.39,84.2
2250991230259434496,PEPSI,Fe II,6369.46,2.89,-4.17,42.2
2250991230259434496,PEPSI,Fe II,6432.68,2.89,-3.6,71.8
2250991230259434496,PEPSI,Fe II,6456.38,3.9,-2.17,91.3
2250991230259434496,PEPSI,Fe II,6516.08,2.89,-3.33,84.8
2882288059116860928,HIRES,Fe I,5522.45,4.21,-1.49,63.5
2882288059116860928,HIRES,Fe I,5546.51,4.37,-1.18,73.1
2882288059116860928,HIRES,Fe I,5560.21,4.43,-1.14,69.2
2882288059116860928,HIRES,Fe I,5577.02,5.03,-1.61,21.5
2882288059116860928,HIRES,Fe I,5618.63,4.21,-1.39,66.4
2882288059116860928,HIRES,Fe I,5619.61,4.39,-1.51,59.0
2882288059116860928,HIRES,Fe I,5635.83,4.26,-1.65,45.4
2882288059116860928,HIRES,Fe I,5638.26,4.22,-0.83,96.0
2882288059116860928,HIRES,Fe I,5651.48,4.47,-1.86,32.9
2882288059116860928,HIRES,Fe I,5652.33,4.26,-1.81,45.7
2882288059116860928,HIRES,Fe I,5661.35,4.28,-1.91,33.9
2882288059116860928,HIRES,Fe I,5679.02,4.65,-0.84,78.8
2882288059116860928,HIRES,Fe I,5701.55,2.56,-2.22,135.4
2882288059116860928,HIRES,Fe I,5705.47,4.3,-1.52,88.4
2882288059116860928,HIRES,Fe I,5741.85,4.26,-1.71,54.5
2882288059116860928,HIRES,Fe I,5753.13,4.26,-0.77,95.1
2882288059116860928,HIRES,Fe I,5775.08,4.22,-1.16,81.0
2882288059116860928,HIRES,Fe I,5778.46,2.59,-3.57,42.2
2882288059116860928,HIRES,Fe I,5809.22,3.88,-1.73,79.4
2882288059116860928,HIRES,Fe I,5849.69,3.69,-3.14,16.2
2882288059116860928,HIRES,Fe I,5852.22,4.55,-1.24,63.0
2882288059116860928,HIRES,Fe I,5855.08,4.61,-1.6,42.4
2882288059116860928,HIRES,Fe I,5858.78,4.22,-2.17,23.1
2882288059116860928,HIRES,Fe I,5861.11,4.28,-2.51,18.8
2882288059116860928,HIRES,Fe I,5905.67,4.65,-0.87,77.5
2882288059116860928,HIRES,Fe I,5934.65,3.93,-1.26,97.6
2882288059116860928,HIRES,Fe I,5956.69,0.86,-4.59,72.9
2882288059116860928,HIRES,Fe I,6027.05,4.08,-1.23,90.5
2882288059116860928,HIRES,Fe I,6054.07,4.37,-2.31,20.3
2882288059116860928,HIRES,Fe I,6079.01,4.65,-1.06,125.9
2882288059116860928,HIRES,Fe I,6082.71,2.22,-3.61,59.4
2882288059116860928,HIRES,Fe I,6093.64,4.61,-1.39,49.2
2882288059116860928,HIRES,Fe I,6127.9,4.14,-1.43,77.3
2882288059116860928,HIRES,Fe I,6151.62,2.18,-3.36,73.1
2882288059116860928,HIRES,Fe I,6157.73,4.07,-1.38,88.2
2882288059116860928,HIRES,Fe I,6159.38,4.61,-1.99,24.4
2882288059116860928,HIRES,Fe I,6165.37,4.14,-1.55,68.0
2882288059116860928,HIRES,Fe I,6170.51,4.79,-0.46,116.7
2882288059116860928,HIRES,Fe I,6173.34,2.22,-2.9,95.7
2882288059116860928,HIRES,Fe I,6180.2,2.73,-2.62,95.3
2882288059116860928,HIRES,Fe I,6187.99,3.94,-1.73,68.7
2882288059116860928,HIRES,Fe I,6213.43,2.22,-2.64,105.1
2882288059116860928,HIRES,Fe I,6219.28,2.2,-2.51,119.9
2882288059116860928,HIRES,Fe I,6220.78,3.88,-2.38,38.4
2882288059116860928,HIRES,Fe I,6226.74,3.88,-2.16,51.3
2882288059116860928,HIRES,Fe I,6229.23,2.84,-2.92,66.9
2882288059116860928,HIRES,Fe I,6240.65,2.22,-3.36,72.3
2882288059116860928,HIRES,Fe I,6265.13,2.18,-2.56,120.1
2882288059116860928,HIRES,Fe I,6270.23,2.86,-2.63,82.7
2882288059116860928,HIRES,Fe I,6297.79,2.22,-2.83,100.5
2882288059116860928,HIRES,Fe I,6311.5,2.83,-3.09,69.4
2882288059116860928,HIRES,Fe I,6315.81,4.07,-1.73,97.8
2882288059116860928,HIRES,Fe I,6322.69,2.59,-2.37,105.6
2882288059116860928,HIRES,Fe I,6380.74,4.19,-1.38,81.0
2882288059116860928,HIRES,Fe I,6392.54,2.28,-4.06,32.1
2882288059116860928,HIRES,Fe I,6419.95,4.73,-0.38,116.4
2882288059116860928,HIRES,Fe I,6569.22,4.73,-0.61,98.9
2882288059116860928,HIRES,Fe I,6574.23,0.99,-4.99,50.2
2882288059116860928,HIRES,Fe I,6593.87,2.43,-2.44,116.2
2882288059116860928,HIRES,Fe I,6597.56,4.79,-1.01,65.6
2882288059116860928,HIRES,Fe I,6608.02,2.28,-4.03,31.2
2882288059116860928,HIRES,Fe I,6625.02,1.01,-5.31,39.1
2882288059116860928,HIRES,Fe I,6627.54,4.55,-1.53,52.7
2882288059116860928,HIRES,Fe I,6646.93,2.61,-4.05,25.2
2882288059116860928,HIRES,Fe I,6653.85,4.14,-2.52,26.0
2882288059116860928,HIRES,Fe I,6696.32,2.68,-3.73,129.9
2882288059116860928,HIRES,Fe I,6699.14,4.59,-2.15,18.4
2882288059116860928,HIRES,Fe I,6703.57,2.76,-3.06,61.6
2882288059116860928,HIRES,Fe I,6704.48,4.22,-2.6,14.1
2882288059116860928,HIRES,Fe I,6710.32,1.48,-4.9,34.3
2882288059116860928,HIRES,Fe I,6713.77,4.79,-1.49,39.3
2882288059116860928,HIRES,Fe I,6716.24,4.58,-1.78,37.6
2882288059116860928,HIRES,Fe I,6725.35,4.1,-2.29,34.5
2882288059116860928,HIRES,Fe I,6726.67,4.61,-1.09,67.4
2882288059116860928,HIRES,Fe I,6733.15,4.64,-1.47,48.9
2882288059116860928,HIRES,Fe I,6739.52,1.56,-4.96,22.0
2882288059116860928,HIRES,Fe II,5991.38,3.15,-3.63,81.7
2882288059116860928,HIRES,Fe II,6084.11,3.2,-3.9,46.3
2882288059116860928,HIRES,Fe II,6113.33,3.22,-4.22,58.7
2882288059116860928,HIRES,Fe II,6149.26,3.89,-2.77,61.0
2882288059116860928,HIRES,Fe II,6247.56,3.89,-2.39,85.1
2882288059116860928,HIRES,Fe II,6369.46,2.89,-4.17,41.5
3825993705211972864,PEPSI,Fe I,5522.45,4.21,-1.49,79.3
3825993705211972864,PEPSI,Fe I,5546.51,4.37,-1.18,119.5
3825993705211972864,PEPSI,Fe I,5560.21,4.43,-1.14,77.7
3825993705211972864,PEPSI,Fe I,5577.02,5.03,-1.61,40.2
3825993705211972864,PEPSI,Fe I,5618.63,4.21,-1.39,75.5
3825993705211972864,PEPSI,Fe I,5701.55,2.56,-2.22,165.8
3825993705211972864,PEPSI,Fe I,5705.47,4.3,-1.52,73.2
3825993705211972864,PEPSI,Fe I,5741.85,4.26,-1.71,68.8
3825993705211972864,PEPSI,Fe I,5775.08,4.22,-1.16,97.2
3825993705211972864,PEPSI,Fe I,5778.46,2.59,-3.57,88.2
3825993705211972864,PEPSI,Fe I,5809.22,3.88,-1.73,114.5
3825993705211972864,PEPSI,Fe I,5849.69,3.69,-3.14,42.2
3825993705211972864,PEPSI,Fe I,5852.22,4.55,-1.24,125.6
3825993705211972864,PEPSI,Fe I,5855.08,4.61,-1.6,55.1
3825993705211972864,PEPSI,Fe I,5858.78,4.22,-2.17,42.3
3825993705211972864,PEPSI,Fe I,5861.11,4.28,-2.51,36.2
3825993705211972864,PEPSI,Fe I,6079.01,4.65,-1.06,80.2
3825993705211972864,PEPSI,Fe I,6093.64,4.61,-1.39,66.7
3825993705211972864,PEPSI,Fe I,6151.62,2.18,-3.36,112.0
3825993705211972864,PEPSI,Fe I,6157.73,4.07,-1.38,124.0
3825993705211972864,PEPSI,Fe I,6159.38,4.61,-1.99,53.7
3825993705211972864,PEPSI,Fe I,6165.37,4.14,-1.55,86.3
3825993705211972864,PEPSI,Fe I,6173.34,2.22,-2.9,140.2
3825993705211972864,PEPSI,Fe I,6180.2,2.73,-2.62,134.3
3825993705211972864,PEPSI,Fe I,6187.99,3.94,-1.73,96.0
3825993705211972864,PEPSI,Fe I,6200.31,2.61,-2.43,142.0
3825993705211972864,PEPSI,Fe I,6270.23,2.86,-2.63,113.6
3825993705211972864,PEPSI,Fe I,6322.69,2.59,-2.37,153.7
3825993705211972864,PEPSI,Fe I,6380.74,4.19,-1.38,119.5
3825993705211972864,PEPSI,Fe I,6436.41,4.19,-2.38,59.1
3825993705211972864,PEPSI,Fe I,6481.87,2.28,-2.98,162.2
3825993705211972864,PEPSI,Fe I,6569.22,4.73,-0.61,143.0
3825993705211972864,PEPSI,Fe I,6574.23,0.99,-4.99,108.9
3825993705211972864,PEPSI,Fe I,6593.87,2.43,-2.44,156.6
3825993705211972864,PEPSI,Fe I,6597.56,4.79,-1.01,75.9
3825993705211972864,PEPSI,Fe I,6625.02,1.01,-5.31,199.7
3825993705211972864,PEPSI,Fe I,6627.54,4.55,-1.53,80.8
3825993705211972864,PEPSI,Fe I,6646.93,2.61,-4.05,85.7
3825993705211972864,PEPSI,Fe I,6653.85,4.14,-2.52,43.9
3825993705211972864,PEPSI,Fe I,6699.14,4.59,-2.15,41.1
3825993705211972864,PEPSI,Fe I,6703.57,2.76,-3.06,99.5
3825993705211972864,PEPSI,Fe I,6704.48,4.22,-2.6,31.4
3825993705211972864,PEPSI,Fe I,6710.32,1.48,-4.9,105.2
3825993705211972864,PEPSI,Fe I,6713.77,4.79,-1.49,54.6
3825993705211972864,PEPSI,Fe I,6716.24,4.58,-1.78,80.7
3825993705211972864,PEPSI,Fe I,6725.35,4.1,-2.29,58.5
3825993705211972864,PEPSI,Fe I,6726.67,4.61,-1.09,83.5
3825993705211972864,PEPSI,Fe I,6733.15,4.64,-1.47,62.7
3825993705211972864,PEPSI,Fe I,6739.52,1.56,-4.96,70.9
3825993705211972864,PEPSI,Fe II,6084.11,3.2,-3.9,43.6
3825993705211972864,PEPSI,Fe II,6149.26,3.89,-2.77,35.5
3825993705211972864,PEPSI,Fe II,6247.56,3.89,-2.39,43.6
3825993705211972864,PEPSI,Fe II,6369.46,2.89,-4.17,20.5
3825993705211972864,PEPSI,Fe II,6432.68,2.89,-3.6,38.9
3825993705211972864,PEPSI,Fe II,6456.38,3.9,-2.17,63.9
3825993705211972864,PEPSI,Fe II,6516.08,2.89,-3.33,98.9
3944854382508327936,APF,Fe I,5522.45,4.21,-1.49,75.9
3944854382508327936,APF,Fe I,5546.51,4.37,-1.18,87.2
3944854382508327936,APF,Fe I,5560.21,4.43,-1.14,73.3
3944854382508327936,APF,Fe I,5577.02,5.03,-1.61,16.4
3944854382508327936,APF,Fe I,5618.63,4.21,-1.39,75.2
3944854382508327936,APF,Fe I,5619.61,4.39,-1.51,77.2
3944854382508327936,APF,Fe I,5635.83,4.26,-1.65,58.2
3944854382508327936,APF,Fe I,5638.26,4.22,-0.83,106.9
3944854382508327936,APF,Fe I,5651.48,4.47,-1.86,47.7
3944854382508327936,APF,Fe I,5652.33,4.26,-1.81,63.7
3944854382508327936,APF,Fe I,5661.35,4.28,-1.91,53.7
3944854382508327936,APF,Fe I,5679.02,4.65,-0.84,87.4
3944854382508327936,APF,Fe I,5705.47,4.3,-1.52,72.5
3944854382508327936,APF,Fe I,5741.85,4.26,-1.71,72.3
3944854382508327936,APF,Fe I,5753.13,4.26,-0.77,104.1
3944854382508327936,APF,Fe I,5775.08,4.22,-1.16,92.0
3944854382508327936,APF,Fe I,5778.46,2.59,-3.57,60.4
3944854382508327936,APF,Fe I,5809.22,3.88,-1.73,93.6
3944854382508327936,APF,Fe I,5849.69,3.69,-3.14,24.1
3944854382508327936,APF,Fe I,5852.22,4.55,-1.24,76.9
3944854382508327936,APF,Fe I,5855.08,4.61,-1.6,54.8
3944854382508327936,APF,Fe I,5858.78,4.22,-2.17,26.8
3944854382508327936,APF,Fe I,5861.11,4.28,-2.51,28.9
3944854382508327936,APF,Fe I,5905.67,4.65,-0.87,98.0
3944854382508327936,APF,Fe I,5934.65,3.93,-1.26,112.6
3944854382508327936,APF,Fe I,5956.69,0.86,-4.59,90.5
3944854382508327936,APF,Fe I,6027.05,4.08,-1.23,97.4
3944854382508327936,APF,Fe I,6079.01,4.65,-1.06,80.4
3944854382508327936,APF,Fe I,6127.9,4.14,-1.43,80.2
3944854382508327936,APF,Fe I,6151.62,2.18,-3.36,91.6
3944854382508327936,APF,Fe I,6157.73,4.07,-1.38,91.1
3944854382508327936,APF,Fe I,6159.38,4.61,-1.99,34.3
3944854382508327936,APF,Fe I,6165.37,4.14,-1.55,80.0
3944854382508327936,APF,Fe I,6170.51,4.79,-0.46,141.9
3944854382508327936,APF,Fe I,6173.34,2.22,-2.9,111.7
3944854382508327936,APF,Fe I,6180.2,2.73,-2.62,117.6
3944854382508327936,APF,Fe I,6187.99,3.94,-1.73,81.7
3944854382508327936,APF,Fe I,6200.31,2.61,-2.43,112.4
3944854382508327936,APF,Fe I,6213.43,2.22,-2.64,123.5
3944854382508327936,APF,Fe I,6219.28,2.2,-2.51,125.0
3944854382508327936,APF,Fe I,6220.78,3.88,-2.38,49.5
3944854382508327936,APF,Fe I,6226.74,3.88,-2.16,65.5
3944854382508327936,APF,Fe I,6229.23,2.84,-2.92,79.2
3944854382508327936,APF,Fe I,6265.13,2.18,-2.56,138.1
3944854382508327936,APF,Fe I,6270.23,2.86,-2.63,89.0
3944854382508327936,APF,Fe I,6297.79,2.22,-2.83,117.8
3944854382508327936,APF,Fe I,6311.5,2.83,-3.09,113.9
3944854382508327936,APF,Fe I,6322.69,2.59,-2.37,115.2
3944854382508327936,APF,Fe I,6380.74,4.19,-1.38,90.6
3944854382508327936,APF,Fe I,6392.54,2.28,-4.06,38.7
3944854382508327936,APF,Fe I,6436.41,4.19,-2.38,39.7
3944854382508327936,APF,Fe I,6481.87,2.28,-2.98,111.5
3944854382508327936,APF,Fe I,6569.22,4.73,-0.61,118.0
3944854382508327936,APF,Fe I,6574.23,0.99,-4.99,65.8
3944854382508327936,APF,Fe I,6593.87,2.43,-2.44,133.0
3944854382508327936,APF,Fe I,6597.56,4.79,-1.01,73.6
3944854382508327936,APF,Fe I,6608.02,2.28,-4.03,62.2
3944854382508327936,APF,Fe I,6625.02,1.01,-5.31,59.3
3944854382508327936,APF,Fe I,6627.54,4.55,-1.53,70.0
3944854382508327936,APF,Fe I,6646.93,2.61,-4.05,38.5
3944854382508327936,APF,Fe I,6653.85,4.14,-2.52,28.3
3944854382508327936,APF,Fe I,6699.14,4.59,-2.15,33.1
3944854382508327936,APF,Fe I,6703.57,2.76,-3.06,88.6
3944854382508327936,APF,Fe I,6704.48,4.22,-2.6,37.7
3944854382508327936,APF,Fe I,6710.32,1.48,-4.9,49.7
3944854382508327936,APF,Fe I,6713.77,4.79,-1.49,51.2
3944854382508327936,APF,Fe I,6716.24,4.58,-1.78,47.8
3944854382508327936,APF,Fe I,6725.35,4.1,-2.29,43.2
3944854382508327936,APF,Fe I,6726.67,4.61,-1.09,87.0
3944854382508327936,APF,Fe I,6733.15,4.64,-1.47,63.9
3944854382508327936,APF,Fe I,6739.52,1.56,-4.96,40.5
3944854382508327936,APF,Fe II,5991.38,3.15,-3.63,54.0
3944854382508327936,APF,Fe II,6113.33,3.22,-4.22,74.4
3944854382508327936,APF,Fe II,6149.26,3.89,-2.77,59.8
3944854382508327936,APF,Fe II,6247.56,3.89,-2.39,72.9
3944854382508327936,APF,Fe II,6369.46,2.89,-4.17,37.0
3944854382508327936,APF,Fe II,6432.68,2.89,-3.6,61.1
3944854382508327936,APF,Fe II,6456.38,3.9,-2.17,77.0
3944854382508327936,APF,Fe II,6516.08,2.89,-3.33,107.5
3944854382508327936,HIRES,Fe I,5522.45,4.21,-1.49,74.5
3944854382508327936,HIRES,Fe I,5546.51,4.37,-1.18,85.6
3944854382508327936,HIRES,Fe I,5560.21,4.43,-1.14,74.7
3944854382508327936,HIRES,Fe I,5577.02,5.03,-1.61,28.5
3944854382508327936,HIRES,Fe I,5618.63,4.21,-1.39,75.1
3944854382508327936,HIRES,Fe I,5619.61,4.39,-1.51,74.7
3944854382508327936,HIRES,Fe I,5635.83,4.26,-1.65,56.1
3944854382508327936,HIRES,Fe I,5638.26,4.22,-0.83,110.2
3944854382508327936,HIRES,Fe I,5651.48,4.47,-1.86,42.2
3944854382508327936,HIRES,Fe I,5652.33,4.26,-1.81,55.2
3944854382508327936,HIRES,Fe I,5661.35,4.28,-1.91,45.5
3944854382508327936,HIRES,Fe I,5679.02,4.65,-0.84,85.8
3944854382508327936,HIRES,Fe I,5701.55,2.56,-2.22,139.0
3944854382508327936,HIRES,Fe I,5705.47,4.3,-1.52,72.0
3944854382508327936,HIRES,Fe I,5741.85,4.26,-1.71,62.1
3944854382508327936,HIRES,Fe I,5753.13,4.26,-0.77,104.5
3944854382508327936,HIRES,Fe I,5775.08,4.22,-1.16,90.1
3944854382508327936,HIRES,Fe I,5778.46,2.59,-3.57,55.8
3944854382508327936,HIRES,Fe I,5809.22,3.88,-1.73,91.9
3944854382508327936,HIRES,Fe I,5849.69,3.69,-3.14,25.1
3944854382508327936,HIRES,Fe I,5852.22,4.55,-1.24,75.0
3944854382508327936,HIRES,Fe I,5855.08,4.61,-1.6,50.4
3944854382508327936,HIRES,Fe I,5858.78,4.22,-2.17,30.7
3944854382508327936,HIRES,Fe I,5861.11,4.28,-2.51,25.9
3944854382508327936,HIRES,Fe I,5905.67,4.65,-0.87,86.9
3944854382508327936,HIRES,Fe I,5934.65,3.93,-1.26,113.6
3944854382508327936,HIRES,Fe I,5956.69,0.86,-4.59,86.1
3944854382508327936,HIRES,Fe I,6027.05,4.08,-1.23,96.9
3944854382508327936,HIRES,Fe I,6079.01,4.65,-1.06,145.0
3944854382508327936,HIRES,Fe I,6082.71,2.22,-3.61,72.3
3944854382508327936,HIRES,Fe I,6093.64,4.61,-1.39,62.2
3944854382508327936,HIRES,Fe I,6127.9,4.14,-1.43,83.8
3944854382508327936,HIRES,Fe I,6151.62,2.18,-3.36,82.8
3944854382508327936,HIRES,Fe I,6157.73,4.07,-1.38,97.4
3944854382508327936,HIRES,Fe I,6159.38,4.61,-1.99,35.6
3944854382508327936,HIRES,Fe I,6165.37,4.14,-1.55,73.3
3944854382508327936,HIRES,Fe I,6170.51,4.79,-0.46,146.3
3944854382508327936,HIRES,Fe I,6173.34,2.22,-2.9,108.9
3944854382508327936,HIRES,Fe I,6180.2,2.73,-2.62,109.8
3944854382508327936,HIRES,Fe I,6187.99,3.94,-1.73,80.9
3944854382508327936,HIRES,Fe I,6200.31,2.61,-2.43,118.2
3944854382508327936,HIRES,Fe I,6213.43,2.22,-2.64,120.8
3944854382508327936,HIRES,Fe I,6219.28,2.2,-2.51,136.9
3944854382508327936,HIRES,Fe I,6220.78,3.88,-2.38,54.7
3944854382508327936,HIRES,Fe I,6226.74,3.88,-2.16,63.0
3944854382508327936,HIRES,Fe I,6229.23,2.84,-2.92,74.1
3944854382508327936,HIRES,Fe I,6240.65,2.22,-3.36,85.1
3944854382508327936,HIRES,Fe I,6265.13,2.18,-2.56,133.2
3944854382508327936,HIRES,Fe I,6270.23,2.86,-2.63,88.0
3944854382508327936,HIRES,Fe I,6297.79,2.22,-2.83,113.6
3944854382508327936,HIRES,Fe I,6311.5,2.83,-3.09,86.7
3944854382508327936,HIRES,Fe I,6315.81,4.07,-1.73,119.4
3944854382508327936,HIRES,Fe I,6322.69,2.59,-2.37,119.8
3944854382508327936,HIRES,Fe I,6380.74,4.19,-1.38,87.7
3944854382508327936,HIRES,Fe I,6392.54,2.28,-4.06,43.5
3944854382508327936,HIRES,Fe I,6419.95,4.73,-0.38,142.5
3944854382508327936,HIRES,Fe I,6569.22,4.73,-0.61,118.1
3944854382508327936,HIRES,Fe I,6574.23,0.99,-4.99,69.8
3944854382508327936,HIRES,Fe I,6593.87,2.43,-2.44,126.5
3944854382508327936,HIRES,Fe I,6597.56,4.79,-1.01,68.9
3944854382508327936,HIRES,Fe I,6608.02,2.28,-4.03,45.9
3944854382508327936,HIRES,Fe I,6625.02,1.01,-5.31,64.4
3944854382508327936,HIRES,Fe I,6627.54,4.55,-1.53,62.8
3944854382508327936,HIRES,Fe I,6646.93,2.61,-4.05,41.0
3944854382508327936,HIRES,Fe I,6653.85,4.14,-2.52,31.4
3944854382508327936,HIRES,Fe I,6699.14,4.59,-2.15,27.3
3944854382508327936,HIRES,Fe I,6703.57,2.76,-3.06,74.6
3944854382508327936,HIRES,Fe I,6704.48,4.22,-2.6,20.1
3944854382508327936,HIRES,Fe I,6710.32,1.48,-4.9,52.1
3944854382508327936,HIRES,Fe I,6713.77,4.79,-1.49,47.6
3944854382508327936,HIRES,Fe I,6716.24,4.58,-1.78,46.8
3944854382508327936,HIRES,Fe I,6725.35,4.1,-2.29,42.6
3944854382508327936,HIRES,Fe I,6726.67,4.61,-1.09,78.0
3944854382508327936,HIRES,Fe I,6733.15,4.64,-1.47,55.8
3944854382508327936,HIRES,Fe I,6739.52,1.56,-4.96,37.9
3944854382508327936,HIRES,Fe II,5991.38,3.15,-3.63,101.2
3944854382508327936,HIRES,Fe II,6084.11,3.2,-3.9,40.4
3944854382508327936,HIRES,Fe II,6113.33,3.22,-4.22,60.0
3944854382508327936,HIRES,Fe II,6149.26,3.89,-2.77,53.5
3944854382508327936,HIRES,Fe II,6247.56,3.89,-2.39,71.7
3944854382508327936,HIRES,Fe II,6369.46,2.89,-4.17,32.8
3958303608740295296,PEPSI,Fe I,5522.45,4.21,-1.49,56.3
3958303608740295296,PEPSI,Fe I,5546.51,4.37,-1.18,70.0
3958303608740295296,PEPSI,Fe I,5560.21,4.43,-1.14,68.7
3958303608740295296,PEPSI,Fe I,5577.02,5.03,-1.61,19.6
3958303608740295296,PEPSI,Fe I,5618.63,4.21,-1.39,62.6
3958303608740295296,PEPSI,Fe I,5619.61,4.39,-1.51,56.0
3958303608740295296,PEPSI,Fe I,5635.83,4.26,-1.65,44.9
3958303608740295296,PEPSI,Fe I,5638.26,4.22,-0.83,94.0
3958303608740295296,PEPSI,Fe I,5651.48,4.47,-1.86,29.8
3958303608740295296,PEPSI,Fe I,5652.33,4.26,-1.81,46.5
3958303608740295296,PEPSI,Fe I,5661.35,4.28,-1.91,32.1
3958303608740295296,PEPSI,Fe I,5679.02,4.65,-0.84,77.9
3958303608740295296,PEPSI,Fe I,5701.55,2.56,-2.22,102.2
3958303608740295296,PEPSI,Fe I,5705.47,4.3,-1.52,55.3
3958303608740295296,PEPSI,Fe I,5741.85,4.26,-1.71,50.6
3958303608740295296,PEPSI,Fe I,5753.13,4.26,-0.77,90.8
3958303608740295296,PEPSI,Fe I,5775.08,4.22,-1.16,77.1
3958303608740295296,PEPSI,Fe I,5778.46,2.59,-3.57,38.8
3958303608740295296,PEPSI,Fe I,5809.22,3.88,-1.73,69.5
3958303608740295296,PEPSI,Fe I,5849.69,3.69,-3.14,13.4
3958303608740295296,PEPSI,Fe I,5852.22,4.55,-1.24,59.3
3958303608740295296,PEPSI,Fe I,5855.08,4.61,-1.6,38.1
3958303608740295296,PEPSI,Fe I,5858.78,4.22,-2.17,18.4
3958303608740295296,PEPSI,Fe I,5861.11,4.28,-2.51,19.6
3958303608740295296,PEPSI,Fe I,5905.67,4.65,-0.87,74.7
3958303608740295296,PEPSI,Fe I,5934.65,3.93,-1.26,94.4
3958303608740295296,PEPSI,Fe I,5956.69,0.86,-4.59,63.8
3958303608740295296,PEPSI,Fe I,6027.05,4.08,-1.23,85.7
3958303608740295296,PEPSI,Fe I,6054.07,4.37,-2.31,18.0
3958303608740295296,PEPSI,Fe I,6079.01,4.65,-1.06,62.5
3958303608740295296,PEPSI,Fe I,6082.71,2.22,-3.61,50.1
3958303608740295296,PEPSI,Fe I,6093.64,4.61,-1.39,47.1
3958303608740295296,PEPSI,Fe I,6127.9,4.14,-1.43,70.3
3958303608740295296,PEPSI,Fe I,6151.62,2.18,-3.36,66.7
3958303608740295296,PEPSI,Fe I,6157.73,4.07,-1.38,82.7
3958303608740295296,PEPSI,Fe I,6159.38,4.61,-1.99,22.2
3958303608740295296,PEPSI,Fe I,6165.37,4.14,-1.55,63.0
3958303608740295296,PEPSI,Fe I,6170.51,4.79,-0.46,104.5
3958303608740295296,PEPSI,Fe I,6173.34,2.22,-2.9,90.2
3958303608740295296,PEPSI,Fe I,6180.2,2.73,-2.62,82.6
3958303608740295296,PEPSI,Fe I,6187.99,3.94,-1.73,64.8
3958303608740295296,PEPSI,Fe I,6200.31,2.61,-2.43,96.1
3958303608740295296,PEPSI,Fe I,6213.43,2.22,-2.64,100.8
3958303608740295296,PEPSI,Fe I,6219.28,2.2,-2.51,109.5
3958303608740295296,PEPSI,Fe I,6220.78,3.88,-2.38,30.7
3958303608740295296,PEPSI,Fe I,6226.74,3.88,-2.16,45.2
3958303608740295296,PEPSI,Fe I,6229.23,2.84,-2.92,59.2
3958303608740295296,PEPSI,Fe I,6240.65,2.22,-3.36,66.0
3958303608740295296,PEPSI,Fe I,6265.13,2.18,-2.56,108.0
3958303608740295296,PEPSI,Fe I,6270.23,2.86,-2.63,70.7
3958303608740295296,PEPSI,Fe I,6297.79,2.22,-2.83,108.8
3958303608740295296,PEPSI,Fe I,6311.5,2.83,-3.09,71.9
3958303608740295296,PEPSI,Fe I,6315.81,4.07,-1.73,63.2
3958303608740295296,PEPSI,Fe I,6322.69,2.59,-2.37,96.2
3958303608740295296,PEPSI,Fe I,6380.74,4.19,-1.38,74.1
3958303608740295296,PEPSI,Fe I,6392.54,2.28,-4.06,25.4
3958303608740295296,PEPSI,Fe I,6419.95,4.73,-0.38,108.7
3958303608740295296,PEPSI,Fe I,6436.41,4.19,-2.38,22.5
3958303608740295296,PEPSI,Fe I,6481.87,2.28,-2.98,83.6
3958303608740295296,PEPSI,Fe I,6518.37,2.83,-2.58,79.3
3958303608740295296,PEPSI,Fe I,6569.22,4.73,-0.61,92.1
3958303608740295296,PEPSI,Fe I,6574.23,0.99,-4.99,62.6
3958303608740295296,PEPSI,Fe I,6593.87,2.43,-2.44,107.9
3958303608740295296,PEPSI,Fe I,6597.56,4.79,-1.01,60.8
3958303608740295296,PEPSI,Fe I,6608.02,2.28,-4.03,25.6
3958303608740295296,PEPSI,Fe I,6625.02,1.01,-5.31,28.0
3958303608740295296,PEPSI,Fe I,6627.54,4.55,-1.53,47.7
3958303608740295296,PEPSI,Fe I,6646.93,2.61,-4.05,22.6
3958303608740295296,PEPSI,Fe I,6653.85,4.14,-2.52,20.2
3958303608740295296,PEPSI,Fe I,6696.32,2.68,-3.73,113.0
3958303608740295296,PEPSI,Fe I,6699.14,4.59,-2.15,16.4
3958303608740295296,PEPSI,Fe I,6703.57,2.76,-3.06,54.6
3958303608740295296,PEPSI,Fe I,6704.48,4.22,-2.6,12.1
3958303608740295296,PEPSI,Fe I,6710.32,1.48,-4.9,26.2
3958303608740295296,PEPSI,Fe I,6713.77,4.79,-1.49,36.5
3958303608740295296,PEPSI,Fe I,6716.24,4.58,-1.78,30.1
3958303608740295296,PEPSI,Fe I,6725.35,4.1,-2.29,29.5
3958303608740295296,PEPSI,Fe I,6726.67,4.61,-1.09,67.1
3958303608740295296,PEPSI,Fe I,6733.15,4.64,-1.47,41.9
3958303608740295296,PEPSI,Fe I,6739.52,1.56,-4.96,16.7
3958303608740295296,PEPSI,Fe II,5991.38,3.15,-3.63,61.2
3958303608740295296,PEPSI,Fe II,6084.11,3.2,-3.9,43.8
3958303608740295296,PEPSI,Fe II,6113.33,3.22,-4.22,62.5
3958303608740295296,PEPSI,Fe II,6149.26,3.89,-2.77,60.7
3958303608740295296,PEPSI,Fe II,6247.56,3.89,-2.39,85.5
3958303608740295296,PEPSI,Fe II,6369.46,2.89,-4.17,36.1
3958303608740295296,PEPSI,Fe II,6432.68,2.89,-3.6,66.8
3958303608740295296,PEPSI,Fe II,6456.38,3.9,-2.17,91.2
3958303608740295296,PEPSI,Fe II,6516.08,2.89,-3.33,133.1
3981490689765823744,PEPSI,Fe I,5522.45,4.21,-1.49,75.4
3981490689765823744,PEPSI,Fe I,5546.51,4.37,-1.18,100.9
3981490689765823744,PEPSI,Fe I,5560.21,4.43,-1.14,78.2
3981490689765823744,PEPSI,Fe I,5618.63,4.21,-1.39,74.8
3981490689765823744,PEPSI,Fe I,5619.61,4.39,-1.51,78.4
3981490689765823744,PEPSI,Fe I,5701.55,2.56,-2.22,152.5
3981490689765823744,PEPSI,Fe I,5705.47,4.3,-1.52,71.2
3981490689765823744,PEPSI,Fe I,5741.85,4.26,-1.71,68.2
3981490689765823744,PEPSI,Fe I,5753.13,4.26,-0.77,107.1
3981490689765823744,PEPSI,Fe I,5775.08,4.22,-1.16,93.7
3981490689765823744,PEPSI,Fe I,5778.46,2.59,-3.57,79.9
3981490689765823744,PEPSI,Fe I,5809.22,3.88,-1.73,108.0
3981490689765823744,PEPSI,Fe I,5849.69,3.69,-3.14,37.6
3981490689765823744,PEPSI,Fe I,5852.22,4.55,-1.24,111.3
3981490689765823744,PEPSI,Fe I,5855.08,4.61,-1.6,53.7
3981490689765823744,PEPSI,Fe I,5858.78,4.22,-2.17,39.6
3981490689765823744,PEPSI,Fe I,5861.11,4.28,-2.51,33.9
3981490689765823744,PEPSI,Fe I,6054.07,4.37,-2.31,37.7
3981490689765823744,PEPSI,Fe I,6079.01,4.65,-1.06,77.2
3981490689765823744,PEPSI,Fe I,6093.64,4.61,-1.39,66.5
3981490689765823744,PEPSI,Fe I,6127.9,4.14,-1.43,91.3
3981490689765823744,PEPSI,Fe I,6151.62,2.18,-3.36,103.6
3981490689765823744,PEPSI,Fe I,6157.73,4.07,-1.38,113.8
3981490689765823744,PEPSI,Fe I,6159.38,4.61,-1.99,48.3
3981490689765823744,PEPSI,Fe I,6165.37,4.14,-1.55,81.5
3981490689765823744,PEPSI,Fe I,6173.34,2.22,-2.9,130.1
3981490689765823744,PEPSI,Fe I,6180.2,2.73,-2.62,123.4
3981490689765823744,PEPSI,Fe I,6187.99,3.94,-1.73,91.8
3981490689765823744,PEPSI,Fe I,6200.31,2.61,-2.43,134.8
3981490689765823744,PEPSI,Fe I,6265.13,2.18,-2.56,183.4
3981490689765823744,PEPSI,Fe I,6270.23,2.86,-2.63,106.8
3981490689765823744,PEPSI,Fe I,6297.79,2.22,-2.83,167.8
3981490689765823744,PEPSI,Fe I,6311.5,2.83,-3.09,82.6
3981490689765823744,PEPSI,Fe I,6315.81,4.07,-1.73,76.7
3981490689765823744,PEPSI,Fe I,6322.69,2.59,-2.37,145.6
3981490689765823744,PEPSI,Fe I,6380.74,4.19,-1.38,109.2
3981490689765823744,PEPSI,Fe I,6392.54,2.28,-4.06,69.8
3981490689765823744,PEPSI,Fe I,6436.41,4.19,-2.38,49.4
3981490689765823744,PEPSI,Fe I,6481.87,2.28,-2.98,134.3
3981490689765823744,PEPSI,Fe I,6569.22,4.73,-0.61,127.4
3981490689765823744,PEPSI,Fe I,6574.23,0.99,-4.99,106.4
3981490689765823744,PEPSI,Fe I,6593.87,2.43,-2.44,149.2
3981490689765823744,PEPSI,Fe I,6597.56,4.79,-1.01,71.9
3981490689765823744,PEPSI,Fe I,6625.02,1.01,-5.31,177.5
3981490689765823744,PEPSI,Fe I,6627.54,4.55,-1.53,75.3
3981490689765823744,PEPSI,Fe I,6646.93,2.61,-4.05,71.7
3981490689765823744,PEPSI,Fe I,6653.85,4.14,-2.52,41.2
3981490689765823744,PEPSI,Fe I,6699.14,4.59,-2.15,35.6
3981490689765823744,PEPSI,Fe I,6703.57,2.76,-3.06,92.4
3981490689765823744,PEPSI,Fe I,6704.48,4.22,-2.6,29.8
3981490689765823744,PEPSI,Fe I,6710.32,1.48,-4.9,93.3
3981490689765823744,PEPSI,Fe I,6713.77,4.79,-1.49,49.1
3981490689765823744,PEPSI,Fe I,6716.24,4.58,-1.78,68.7
3981490689765823744,PEPSI,Fe I,6725.35,4.1,-2.29,54.6
3981490689765823744,PEPSI,Fe I,6726.67,4.61,-1.09,80.2
3981490689765823744,PEPSI,Fe I,6733.15,4.64,-1.47,61.5
3981490689765823744,PEPSI,Fe I,6739.52,1.56,-4.96,65.4
3981490689765823744,PEPSI,Fe II,6084.11,3.2,-3.9,34.8
3981490689765823744,PEPSI,Fe II,6149.26,3.89,-2.77,36.4
3981490689765823744,PEPSI,Fe II,6247.56,3.89,-2.39,41.9
3981490689765823744,PEPSI,Fe II,6369.46,2.89,-4.17,19.6
3981490689765823744,PEPSI,Fe II,6432.68,2.89,-3.6,36.7
3981490689765823744,PEPSI,Fe II,6456.38,3.9,-2.17,57.3
3981490689765823744,PEPSI,Fe II,6516.08,2.89,-3.33,137.0
4006726444423916544,PEPSI,Fe I,5522.45,4.21,-1.49,66.4
4006726444423916544,PEPSI,Fe I,5546.51,4.37,-1.18,75.9
4006726444423916544,PEPSI,Fe I,5560.21,4.43,-1.14,72.3
4006726444423916544,PEPSI,Fe I,5577.02,5.03,-1.61,24.4
4006726444423916544,PEPSI,Fe I,5618.63,4.21,-1.39,68.4
4006726444423916544,PEPSI,Fe I,5619.61,4.39,-1.51,62.4
4006726444423916544,PEPSI,Fe I,5635.83,4.26,-1.65,50.4
4006726444423916544,PEPSI,Fe I,5638.26,4.22,-0.83,101.2
4006726444423916544,PEPSI,Fe I,5651.48,4.47,-1.86,38.7
4006726444423916544,PEPSI,Fe I,5652.33,4.26,-1.81,53.2
4006726444423916544,PEPSI,Fe I,5661.35,4.28,-1.91,41.0
4006726444423916544,PEPSI,Fe I,5679.02,4.65,-0.84,83.6
4006726444423916544,PEPSI,Fe I,5701.55,2.56,-2.22,111.2
4006726444423916544,PEPSI,Fe I,5705.47,4.3,-1.52,61.4
4006726444423916544,PEPSI,Fe I,5741.85,4.26,-1.71,54.0
4006726444423916544,PEPSI,Fe I,5753.13,4.26,-0.77,97.5
4006726444423916544,PEPSI,Fe I,5775.08,4.22,-1.16,83.5
4006726444423916544,PEPSI,Fe I,5778.46,2.59,-3.57,48.7
4006726444423916544,PEPSI,Fe I,5809.22,3.88,-1.73,82.0
4006726444423916544,PEPSI,Fe I,5849.69,3.69,-3.14,19.7
4006726444423916544,PEPSI,Fe I,5852.22,4.55,-1.24,66.2
4006726444423916544,PEPSI,Fe I,5855.08,4.61,-1.6,45.3
4006726444423916544,PEPSI,Fe I,5858.78,4.22,-2.17,26.9
4006726444423916544,PEPSI,Fe I,5861.11,4.28,-2.51,21.4
4006726444423916544,PEPSI,Fe I,5905.67,4.65,-0.87,78.5
4006726444423916544,PEPSI,Fe I,5934.65,3.93,-1.26,101.3
4006726444423916544,PEPSI,Fe I,5956.69,0.86,-4.59,79.6
4006726444423916544,PEPSI,Fe I,6027.05,4.08,-1.23,90.5
4006726444423916544,PEPSI,Fe I,6054.07,4.37,-2.31,23.0
4006726444423916544,PEPSI,Fe I,6079.01,4.65,-1.06,69.6
4006726444423916544,PEPSI,Fe I,6082.71,2.22,-3.61,61.9
4006726444423916544,PEPSI,Fe I,6093.64,4.61,-1.39,54.3
4006726444423916544,PEPSI,Fe I,6127.9,4.14,-1.43,76.6
4006726444423916544,PEPSI,Fe I,6151.62,2.18,-3.36,76.6
4006726444423916544,PEPSI,Fe I,6157.73,4.07,-1.38,87.1
4006726444423916544,PEPSI,Fe I,6159.38,4.61,-1.99,29.4
4006726444423916544,PEPSI,Fe I,6165.37,4.14,-1.55,67.7
4006726444423916544,PEPSI,Fe I,6170.51,4.79,-0.46,121.7
4006726444423916544,PEPSI,Fe I,6173.34,2.22,-2.9,97.5
4006726444423916544,PEPSI,Fe I,6180.2,2.73,-2.62,94.9
4006726444423916544,PEPSI,Fe I,6187.99,3.94,-1.73,73.3
4006726444423916544,PEPSI,Fe I,6200.31,2.61,-2.43,103.2
4006726444423916544,PEPSI,Fe I,6213.43,2.22,-2.64,109.6
4006726444423916544,PEPSI,Fe I,6219.28,2.2,-2.51,119.6
4006726444423916544,PEPSI,Fe I,6220.78,3.88,-2.38,39.3
4006726444423916544,PEPSI,Fe I,6226.74,3.88,-2.16,54.7
4006726444423916544,PEPSI,Fe I,6229.23,2.84,-2.92,67.0
4006726444423916544,PEPSI,Fe I,6240.65,2.22,-3.36,76.6
4006726444423916544,PEPSI,Fe I,6265.13,2.18,-2.56,120.3
4006726444423916544,PEPSI,Fe I,6270.23,2.86,-2.63,78.9
4006726444423916544,PEPSI,Fe I,6297.79,2.22,-2.83,110.9
4006726444423916544,PEPSI,Fe I,6311.5,2.83,-3.09,55.8
4006726444423916544,PEPSI,Fe I,6315.81,4.07,-1.73,64.4
4006726444423916544,PEPSI,Fe I,6322.69,2.59,-2.37,110.9
4006726444423916544,PEPSI,Fe I,6380.74,4.19,-1.38,79.3
4006726444423916544,PEPSI,Fe I,6392.54,2.28,-4.06,36.0
4006726444423916544,PEPSI,Fe I,6419.95,4.73,-0.38,116.5
4006726444423916544,PEPSI,Fe I,6436.41,4.19,-2.38,28.9
4006726444423916544,PEPSI,Fe I,6481.87,2.28,-2.98,95.7
4006726444423916544,PEPSI,Fe I,6518.37,2.83,-2.58,86.8
4006726444423916544,PEPSI,Fe I,6569.22,4.73,-0.61,99.8
4006726444423916544,PEPSI,Fe I,6574.23,0.99,-4.99,59.4
4006726444423916544,PEPSI,Fe I,6593.87,2.43,-2.44,114.3
4006726444423916544,PEPSI,Fe I,6597.56,4.79,-1.01,66.5
4006726444423916544,PEPSI,Fe I,6608.02,2.28,-4.03,39.2
4006726444423916544,PEPSI,Fe I,6625.02,1.01,-5.31,42.6
4006726444423916544,PEPSI,Fe I,6627.54,4.55,-1.53,54.1
4006726444423916544,PEPSI,Fe I,6646.93,2.61,-4.05,29.8
4006726444423916544,PEPSI,Fe I,6653.85,4.14,-2.52,27.1
4006726444423916544,PEPSI,Fe I,6696.32,2.68,-3.73,135.7
4006726444423916544,PEPSI,Fe I,6699.14,4.59,-2.15,20.8
4006726444423916544,PEPSI,Fe I,6703.57,2.76,-3.06,66.1
4006726444423916544,PEPSI,Fe I,6704.48,4.22,-2.6,16.4
4006726444423916544,PEPSI,Fe I,6710.32,1.48,-4.9,38.8
4006726444423916544,PEPSI,Fe I,6713.77,4.79,-1.49,44.3
4006726444423916544,PEPSI,Fe I,6716.24,4.58,-1.78,35.8
4006726444423916544,PEPSI,Fe I,6725.35,4.1,-2.29,38.8
4006726444423916544,PEPSI,Fe I,6726.67,4.61,-1.09,72.5
4006726444423916544,PEPSI,Fe I,6733.15,4.64,-1.47,49.7
4006726444423916544,PEPSI,Fe I,6739.52,1.56,-4.96,29.1
4006726444423916544,PEPSI,Fe II,5991.38,3.15,-3.63,52.6
4006726444423916544,PEPSI,Fe II,6084.11,3.2,-3.9,39.2
4006726444423916544,PEPSI,Fe II,6113.33,3.22,-4.22,60.2
4006726444423916544,PEPSI,Fe II,6149.26,3.89,-2.77,54.6
4006726444423916544,PEPSI,Fe II,6247.56,3.89,-2.39,74.6
4006726444423916544,PEPSI,Fe II,6369.46,2.89,-4.17,32.8
4006726444423916544,PEPSI,Fe II,6432.68,2.89,-3.6,60.3
4006726444423916544,PEPSI,Fe II,6456.38,3.9,-2.17,79.6
4006726444423916544,PEPSI,Fe II,6516.08,2.89,-3.33,85.1
4285843204916407296,APF,Fe I,5522.45,4.21,-1.49,64.5
4285843204916407296,APF,Fe I,5546.51,4.37,-1.18,110.9
4285843204916407296,APF,Fe I,5560.21,4.43,-1.14,82.8
4285843204916407296,APF,Fe I,5577.02,5.03,-1.61,37.4
4285843204916407296,APF,Fe I,5618.63,4.21,-1.39,74.8
4285843204916407296,APF,Fe I,5619.61,4.39,-1.51,91.5
4285843204916407296,APF,Fe I,5635.83,4.26,-1.65,64.6
4285843204916407296,APF,Fe I,5638.26,4.22,-0.83,119.4
4285843204916407296,APF,Fe I,5651.48,4.47,-1.86,56.8
4285843204916407296,APF,Fe I,5652.33,4.26,-1.81,72.7
4285843204916407296,APF,Fe I,5661.35,4.28,-1.91,68.1
4285843204916407296,APF,Fe I,5679.02,4.65,-0.84,88.6
4285843204916407296,APF,Fe I,5705.47,4.3,-1.52,72.1
4285843204916407296,APF,Fe I,5741.85,4.26,-1.71,34.3
4285843204916407296,APF,Fe I,5775.08,4.22,-1.16,101.9
4285843204916407296,APF,Fe I,5778.46,2.59,-3.57,83.8
4285843204916407296,APF,Fe I,5809.22,3.88,-1.73,112.1
4285843204916407296,APF,Fe I,5849.69,3.69,-3.14,36.9
4285843204916407296,APF,Fe I,5852.22,4.55,-1.24,122.7
4285843204916407296,APF,Fe I,5855.08,4.61,-1.6,56.0
4285843204916407296,APF,Fe I,5858.78,4.22,-2.17,39.1
4285843204916407296,APF,Fe I,5861.11,4.28,-2.51,35.5
4285843204916407296,APF,Fe I,5905.67,4.65,-0.87,83.8
4285843204916407296,APF,Fe I,5934.65,3.93,-1.26,144.7
4285843204916407296,APF,Fe I,5956.69,0.86,-4.59,119.3
4285843204916407296,APF,Fe I,6027.05,4.08,-1.23,106.9
4285843204916407296,APF,Fe I,6079.01,4.65,-1.06,74.3
4285843204916407296,APF,Fe I,6093.64,4.61,-1.39,71.9
4285843204916407296,APF,Fe I,6127.9,4.14,-1.43,98.4
4285843204916407296,APF,Fe I,6151.62,2.18,-3.36,109.8
4285843204916407296,APF,Fe I,6157.73,4.07,-1.38,116.6
4285843204916407296,APF,Fe I,6159.38,4.61,-1.99,53.3
4285843204916407296,APF,Fe I,6165.37,4.14,-1.55,89.2
4285843204916407296,APF,Fe I,6173.34,2.22,-2.9,142.5
4285843204916407296,APF,Fe I,6187.99,3.94,-1.73,98.5
4285843204916407296,APF,Fe I,6200.31,2.61,-2.43,139.8
4285843204916407296,APF,Fe I,6219.28,2.2,-2.51,162.2
4285843204916407296,APF,Fe I,6226.74,3.88,-2.16,66.5
4285843204916407296,APF,Fe I,6229.23,2.84,-2.92,88.0
4285843204916407296,APF,Fe I,6265.13,2.18,-2.56,195.6
4285843204916407296,APF,Fe I,6270.23,2.86,-2.63,108.5
4285843204916407296,APF,Fe I,6297.79,2.22,-2.83,143.6
4285843204916407296,APF,Fe I,6322.69,2.59,-2.37,147.0
4285843204916407296,APF,Fe I,6380.74,4.19,-1.38,118.3
4285843204916407296,APF,Fe I,6436.41,4.19,-2.38,60.4
4285843204916407296,APF,Fe I,6481.87,2.28,-2.98,156.2
4285843204916407296,APF,Fe I,6569.22,4.73,-0.61,120.3
4285843204916407296,APF,Fe I,6574.23,0.99,-4.99,104.4
4285843204916407296,APF,Fe I,6593.87,2.43,-2.44,158.0
4285843204916407296,APF,Fe I,6597.56,4.79,-1.01,76.5
4285843204916407296,APF,Fe I,6608.02,2.28,-4.03,82.0
4285843204916407296,APF,Fe I,6625.02,1.01,-5.31,181.4
4285843204916407296,APF,Fe I,6627.54,4.55,-1.53,76.0
4285843204916407296,APF,Fe I,6646.93,2.61,-4.05,96.3
4285843204916407296,APF,Fe I,6653.85,4.14,-2.52,43.8
4285843204916407296,APF,Fe I,6699.14,4.59,-2.15,39.0
4285843204916407296,APF,Fe I,6704.48,4.22,-2.6,26.7
4285843204916407296,APF,Fe I,6710.32,1.48,-4.9,100.0
4285843204916407296,APF,Fe I,6713.77,4.79,-1.49,61.1
4285843204916407296,APF,Fe I,6716.24,4.58,-1.78,73.2
4285843204916407296,APF,Fe I,6725.35,4.1,-2.29,63.3
4285843204916407296,APF,Fe I,6726.67,4.61,-1.09,81.9
4285843204916407296,APF,Fe I,6733.15,4.64,-1.47,60.3
4285843204916407296,APF,Fe I,6739.52,1.56,-4.96,65.6
4285843204916407296,APF,Fe II,5991.38,3.15,-3.63,55.1
4285843204916407296,APF,Fe II,6084.11,3.2,-3.9,38.8
4285843204916407296,APF,Fe II,6149.26,3.89,-2.77,40.2
4285843204916407296,APF,Fe II,6247.56,3.89,-2.39,42.2
4285843204916407296,APF,Fe II,6369.46,2.89,-4.17,21.2
4285843204916407296,APF,Fe II,6432.68,2.89,-3.6,33.5
4285843204916407296,APF,Fe II,6456.38,3.9,-2.17,54.8
4285843204916407296,APF,Fe II,6516.08,2.89,-3.33,87.2
4285843204916407296,PEPSI,Fe I,5522.45,4.21,-1.49,76.0
4285843204916407296,PEPSI,Fe I,5546.51,4.37,-1.18,110.2
4285843204916407296,PEPSI,Fe I,5560.21,4.43,-1.14,81.0
4285843204916407296,PEPSI,Fe I,5577.02,5.03,-1.61,31.7
4285843204916407296,PEPSI,Fe I,5618.63,4.21,-1.39,73.2
4285843204916407296,PEPSI,Fe I,5619.61,4.39,-1.51,87.1
4285843204916407296,PEPSI,Fe I,5635.83,4.26,-1.65,60.8
4285843204916407296,PEPSI,Fe I,5638.26,4.22,-0.83,119.6
4285843204916407296,PEPSI,Fe I,5651.48,4.47,-1.86,51.7
4285843204916407296,PEPSI,Fe I,5652.33,4.26,-1.81,68.0
4285843204916407296,PEPSI,Fe I,5661.35,4.28,-1.91,67.9
4285843204916407296,PEPSI,Fe I,5679.02,4.65,-0.84,88.4
4285843204916407296,PEPSI,Fe I,5701.55,2.56,-2.22,158.1
4285843204916407296,PEPSI,Fe I,5705.47,4.3,-1.52,74.3
4285843204916407296,PEPSI,Fe I,5741.85,4.26,-1.71,68.4
4285843204916407296,PEPSI,Fe I,5753.13,4.26,-0.77,106.0
4285843204916407296,PEPSI,Fe I,5775.08,4.22,-1.16,95.9
4285843204916407296,PEPSI,Fe I,5778.46,2.59,-3.57,83.7
4285843204916407296,PEPSI,Fe I,5809.22,3.88,-1.73,112.7
4285843204916407296,PEPSI,Fe I,5849.69,3.69,-3.14,39.6
4285843204916407296,PEPSI,Fe I,5852.22,4.55,-1.24,118.1
4285843204916407296,PEPSI,Fe I,5855.08,4.61,-1.6,55.2
4285843204916407296,PEPSI,Fe I,5858.78,4.22,-2.17,38.1
4285843204916407296,PEPSI,Fe I,5861.11,4.28,-2.51,35.5
4285843204916407296,PEPSI,Fe I,5905.67,4.65,-0.87,90.9
4285843204916407296,PEPSI,Fe I,5934.65,3.93,-1.26,121.6
4285843204916407296,PEPSI,Fe I,5956.69,0.86,-4.59,118.1
4285843204916407296,PEPSI,Fe I,6027.05,4.08,-1.23,104.4
4285843204916407296,PEPSI,Fe I,6079.01,4.65,-1.06,79.1
4285843204916407296,PEPSI,Fe I,6093.64,4.61,-1.39,67.6
4285843204916407296,PEPSI,Fe I,6127.9,4.14,-1.43,94.9
4285843204916407296,PEPSI,Fe I,6151.62,2.18,-3.36,106.1
4285843204916407296,PEPSI,Fe I,6157.73,4.07,-1.38,122.5
4285843204916407296,PEPSI,Fe I,6159.38,4.61,-1.99,57.1
4285843204916407296,PEPSI,Fe I,6165.37,4.14,-1.55,83.1
4285843204916407296,PEPSI,Fe I,6173.34,2.22,-2.9,137.1
4285843204916407296,PEPSI,Fe I,6180.2,2.73,-2.62,138.6
4285843204916407296,PEPSI,Fe I,6187.99,3.94,-1.73,95.8
4285843204916407296,PEPSI,Fe I,6200.31,2.61,-2.43,137.6
4285843204916407296,PEPSI,Fe I,6219.28,2.2,-2.51,156.9
4285843204916407296,PEPSI,Fe I,6226.74,3.88,-2.16,70.2
4285843204916407296,PEPSI,Fe I,6229.23,2.84,-2.92,87.5
4285843204916407296,PEPSI,Fe I,6265.13,2.18,-2.56,194.4
4285843204916407296,PEPSI,Fe I,6270.23,2.86,-2.63,110.5
4285843204916407296,PEPSI,Fe I,6297.79,2.22,-2.83,145.2
4285843204916407296,PEPSI,Fe I,6322.69,2.59,-2.37,141.6
4285843204916407296,PEPSI,Fe I,6380.74,4.19,-1.38,118.1
4285843204916407296,PEPSI,Fe I,6436.41,4.19,-2.38,58.7
4285843204916407296,PEPSI,Fe I,6481.87,2.28,-2.98,140.6
4285843204916407296,PEPSI,Fe I,6518.37,2.83,-2.58,103.3
4285843204916407296,PEPSI,Fe I,6569.22,4.73,-0.61,136.2
4285843204916407296,PEPSI,Fe I,6574.23,0.99,-4.99,105.1
4285843204916407296,PEPSI,Fe I,6593.87,2.43,-2.44,147.9
4285843204916407296,PEPSI,Fe I,6597.56,4.79,-1.01,73.6
4285843204916407296,PEPSI,Fe I,6608.02,2.28,-4.03,71.5
4285843204916407296,PEPSI,Fe I,6625.02,1.01,-5.31,180.8
4285843204916407296,PEPSI,Fe I,6627.54,4.55,-1.53,79.3
4285843204916407296,PEPSI,Fe I,6646.93,2.61,-4.05,78.7
4285843204916407296,PEPSI,Fe I,6653.85,4.14,-2.52,41.4
4285843204916407296,PEPSI,Fe I,6699.14,4.59,-2.15,42.7
4285843204916407296,PEPSI,Fe I,6703.57,2.76,-3.06,99.2
4285843204916407296,PEPSI,Fe I,6704.48,4.22,-2.6,28.9
4285843204916407296,PEPSI,Fe I,6710.32,1.48,-4.9,101.8
4285843204916407296,PEPSI,Fe I,6713.77,4.79,-1.49,54.3
4285843204916407296,PEPSI,Fe I,6716.24,4.58,-1.78,70.3
4285843204916407296,PEPSI,Fe I,6725.35,4.1,-2.29,57.0
4285843204916407296,PEPSI,Fe I,6726.67,4.61,-1.09,83.1
4285843204916407296,PEPSI,Fe I,6733.15,4.64,-1.47,63.6
4285843204916407296,PEPSI,Fe I,6739.52,1.56,-4.96,65.3
4285843204916407296,PEPSI,Fe II,6084.11,3.2,-3.9,34.6
4285843204916407296,PEPSI,Fe II,6149.26,3.89,-2.77,34.5
4285843204916407296,PEPSI,Fe II,6247.56,3.89,-2.39,43.4
4285843204916407296,PEPSI,Fe II,6369.46,2.89,-4.17,19.4
4285843204916407296,PEPSI,Fe II,6432.68,2.89,-3.6,36.3
4285843204916407296,PEPSI,Fe II,6456.38,3.9,-2.17,54.9
4285843204916407296,PEPSI,Fe II,6516.08,2.89,-3.33,92.6
4311008797037316224,APF,Fe I,5522.45,4.21,-1.49,66.8
4311008797037316224,APF,Fe I,5546.51,4.37,-1.18,79.4
4311008797037316224,APF,Fe I,5560.21,4.43,-1.14,79.7
4311008797037316224,APF,Fe I,5618.63,4.21,-1.39,75.4
4311008797037316224,APF,Fe I,5619.61,4.39,-1.51,71.4
4311008797037316224,APF,Fe I,5635.83,4.26,-1.65,53.2
4311008797037316224,APF,Fe I,5638.26,4.22,-0.83,109.3
4311008797037316224,APF,Fe I,5651.48,4.47,-1.86,46.1
4311008797037316224,APF,Fe I,5652.33,4.26,-1.81,60.8
4311008797037316224,APF,Fe I,5661.35,4.28,-1.91,39.9
4311008797037316224,APF,Fe I,5679.02,4.65,-0.84,83.0
4311008797037316224,APF,Fe I,5701.55,2.56,-2.22,113.9
4311008797037316224,APF,Fe I,5705.47,4.3,-1.52,66.8
4311008797037316224,APF,Fe I,5741.85,4.26,-1.71,60.4
4311008797037316224,APF,Fe I,5753.13,4.26,-0.77,94.9
4311008797037316224,APF,Fe I,5775.08,4.22,-1.16,92.4
4311008797037316224,APF,Fe I,5778.46,2.59,-3.57,54.5
4311008797037316224,APF,Fe I,5809.22,3.88,-1.73,88.3
4311008797037316224,APF,Fe I,5849.69,3.69,-3.14,25.1
4311008797037316224,APF,Fe I,5852.22,4.55,-1.24,73.5
4311008797037316224,APF,Fe I,5855.08,4.61,-1.6,49.4
4311008797037316224,APF,Fe I,5858.78,4.22,-2.17,31.2
4311008797037316224,APF,Fe I,5861.11,4.28,-2.51,25.3
4311008797037316224,APF,Fe I,5905.67,4.65,-0.87,85.3
4311008797037316224,APF,Fe I,5934.65,3.93,-1.26,120.8
4311008797037316224,APF,Fe I,5956.69,0.86,-4.59,90.9
4311008797037316224,APF,Fe I,6027.05,4.08,-1.23,91.2
4311008797037316224,APF,Fe I,6054.07,4.37,-2.31,26.8
4311008797037316224,APF,Fe I,6079.01,4.65,-1.06,70.4
4311008797037316224,APF,Fe I,6082.71,2.22,-3.61,66.4
4311008797037316224,APF,Fe I,6093.64,4.61,-1.39,58.0
4311008797037316224,APF,Fe I,6127.9,4.14,-1.43,84.2
4311008797037316224,APF,Fe I,6151.62,2.18,-3.36,85.5
4311008797037316224,APF,Fe I,6157.73,4.07,-1.38,99.2
4311008797037316224,APF,Fe I,6159.38,4.61,-1.99,14.4
4311008797037316224,APF,Fe I,6165.37,4.14,-1.55,78.2
4311008797037316224,APF,Fe I,6170.51,4.79,-0.46,127.9
4311008797037316224,APF,Fe I,6173.34,2.22,-2.9,107.5
4311008797037316224,APF,Fe I,6180.2,2.73,-2.62,97.9
4311008797037316224,APF,Fe I,6187.99,3.94,-1.73,81.6
4311008797037316224,APF,Fe I,6200.31,2.61,-2.43,109.2
4311008797037316224,APF,Fe I,6213.43,2.22,-2.64,110.3
4311008797037316224,APF,Fe I,6219.28,2.2,-2.51,134.4
4311008797037316224,APF,Fe I,6220.78,3.88,-2.38,47.3
4311008797037316224,APF,Fe I,6226.74,3.88,-2.16,56.8
4311008797037316224,APF,Fe I,6229.23,2.84,-2.92,70.5
4311008797037316224,APF,Fe I,6265.13,2.18,-2.56,130.5
4311008797037316224,APF,Fe I,6270.23,2.86,-2.63,84.4
4311008797037316224,APF,Fe I,6297.79,2.22,-2.83,114.5
4311008797037316224,APF,Fe I,6311.5,2.83,-3.09,64.9
4311008797037316224,APF,Fe I,6322.69,2.59,-2.37,106.6
4311008797037316224,APF,Fe I,6380.74,4.19,-1.38,80.7
4311008797037316224,APF,Fe I,6392.54,2.28,-4.06,44.3
4311008797037316224,APF,Fe I,6419.95,4.73,-0.38,126.9
4311008797037316224,APF,Fe I,6436.41,4.19,-2.38,37.4
4311008797037316224,APF,Fe I,6481.87,2.28,-2.98,97.8
4311008797037316224,APF,Fe I,6569.22,4.73,-0.61,115.8
4311008797037316224,APF,Fe I,6574.23,0.99,-4.99,65.3
4311008797037316224,APF,Fe I,6593.87,2.43,-2.44,128.1
4311008797037316224,APF,Fe I,6597.56,4.79,-1.01,65.6
4311008797037316224,APF,Fe I,6608.02,2.28,-4.03,49.1
4311008797037316224,APF,Fe I,6625.02,1.01,-5.31,55.5
4311008797037316224,APF,Fe I,6627.54,4.55,-1.53,65.1
4311008797037316224,APF,Fe I,6646.93,2.61,-4.05,35.0
4311008797037316224,APF,Fe I,6653.85,4.14,-2.52,26.6
4311008797037316224,APF,Fe I,6699.14,4.59,-2.15,26.4
4311008797037316224,APF,Fe I,6703.57,2.76,-3.06,83.4
4311008797037316224,APF,Fe I,6704.48,4.22,-2.6,26.5
4311008797037316224,APF,Fe I,6710.32,1.48,-4.9,50.7
4311008797037316224,APF,Fe I,6713.77,4.79,-1.49,42.5
4311008797037316224,APF,Fe I,6716.24,4.58,-1.78,46.2
4311008797037316224,APF,Fe I,6725.35,4.1,-2.29,42.9
4311008797037316224,APF,Fe I,6726.67,4.61,-1.09,66.5
4311008797037316224,APF,Fe I,6733.15,4.64,-1.47,64.5
4311008797037316224,APF,Fe I,6739.52,1.56,-4.96,36.4
4311008797037316224,APF,Fe II,5991.38,3.15,-3.63,50.5
4311008797037316224,APF,Fe II,6084.11,3.2,-3.9,39.7
4311008797037316224,APF,Fe II,6149.26,3.89,-2.77,55.2
4311008797037316224,APF,Fe II,6247.56,3.89,-2.39,72.8
4311008797037316224,APF,Fe II,6369.46,2.89,-4.17,34.0
4311008797037316224,APF,Fe II,6432.68,2.89,-3.6,66.1
4311008797037316224,APF,Fe II,6456.38,3.9,-2.17,78.3
4311008797037316224,APF,Fe II,6516.08,2.89,-3.33,145.6
4311008797037316224,PEPSI,Fe I,5522.45,4.21,-1.49,67.4
4311008797037316224,PEPSI,Fe I,5546.51,4.37,-1.18,79.9
4311008797037316224,PEPSI,Fe I,5560.21,4.43,-1.14,74.7
4311008797037316224,PEPSI,Fe I,5577.02,5.03,-1.61,19.1
4311008797037316224,PEPSI,Fe I,5618.63,4.21,-1.39,69.8
4311008797037316224,PEPSI,Fe I,5619.61,4.39,-1.51,67.9
4311008797037316224,PEPSI,Fe I,5635.83,4.26,-1.65,52.4
4311008797037316224,PEPSI,Fe I,5638.26,4.22,-0.83,104.9
4311008797037316224,PEPSI,Fe I,5651.48,4.47,-1.86,41.3
4311008797037316224,PEPSI,Fe I,5652.33,4.26,-1.81,56.2
4311008797037316224,PEPSI,Fe I,5661.35,4.28,-1.91,44.4
4311008797037316224,PEPSI,Fe I,5679.02,4.65,-0.84,85.2
4311008797037316224,PEPSI,Fe I,5701.55,2.56,-2.22,118.6
4311008797037316224,PEPSI,Fe I,5705.47,4.3,-1.52,65.6
4311008797037316224,PEPSI,Fe I,5741.85,4.26,-1.71,58.9
4311008797037316224,PEPSI,Fe I,5753.13,4.26,-0.77,97.7
4311008797037316224,PEPSI,Fe I,5775.08,4.22,-1.16,85.3
4311008797037316224,PEPSI,Fe I,5778.46,2.59,-3.57,55.2
4311008797037316224,PEPSI,Fe I,5809.22,3.88,-1.73,83.3
4311008797037316224,PEPSI,Fe I,5849.69,3.69,-3.14,22.3
4311008797037316224,PEPSI,Fe I,5852.22,4.55,-1.24,70.4
4311008797037316224,PEPSI,Fe I,5855.08,4.61,-1.6,46.8
4311008797037316224,PEPSI,Fe I,5858.78,4.22,-2.17,28.4
4311008797037316224,PEPSI,Fe I,5861.11,4.28,-2.51,23.7
4311008797037316224,PEPSI,Fe I,5905.67,4.65,-0.87,82.2
4311008797037316224,PEPSI,Fe I,5934.65,3.93,-1.26,104.9
4311008797037316224,PEPSI,Fe I,5956.69,0.86,-4.59,85.1
4311008797037316224,PEPSI,Fe I,6027.05,4.08,-1.23,91.7
4311008797037316224,PEPSI,Fe I,6054.07,4.37,-2.31,25.3
4311008797037316224,PEPSI,Fe I,6079.01,4.65,-1.06,70.7
4311008797037316224,PEPSI,Fe I,6082.71,2.22,-3.61,65.3
4311008797037316224,PEPSI,Fe I,6093.64,4.61,-1.39,56.9
4311008797037316224,PEPSI,Fe I,6127.9,4.14,-1.43,78.2
4311008797037316224,PEPSI,Fe I,6151.62,2.18,-3.36,80.8
4311008797037316224,PEPSI,Fe I,6157.73,4.07,-1.38,92.6
4311008797037316224,PEPSI,Fe I,6159.38,4.61,-1.99,33.5
4311008797037316224,PEPSI,Fe I,6165.37,4.14,-1.55,71.2
4311008797037316224,PEPSI,Fe I,6170.51,4.79,-0.46,125.2
4311008797037316224,PEPSI,Fe I,6173.34,2.22,-2.9,102.1
4311008797037316224,PEPSI,Fe I,6180.2,2.73,-2.62,94.9
4311008797037316224,PEPSI,Fe I,6187.99,3.94,-1.73,77.1
4311008797037316224,PEPSI,Fe I,6200.31,2.61,-2.43,106.9
4311008797037316224,PEPSI,Fe I,6213.43,2.22,-2.64,114.7
4311008797037316224,PEPSI,Fe I,6219.28,2.2,-2.51,125.1
4311008797037316224,PEPSI,Fe I,6220.78,3.88,-2.38,45.0
4311008797037316224,PEPSI,Fe I,6226.74,3.88,-2.16,57.2
4311008797037316224,PEPSI,Fe I,6229.23,2.84,-2.92,70.1
4311008797037316224,PEPSI,Fe I,6240.65,2.22,-3.36,81.1
4311008797037316224,PEPSI,Fe I,6265.13,2.18,-2.56,124.2
4311008797037316224,PEPSI,Fe I,6270.23,2.86,-2.63,83.8
4311008797037316224,PEPSI,Fe I,6297.79,2.22,-2.83,109.4
4311008797037316224,PEPSI,Fe I,6311.5,2.83,-3.09,58.4
4311008797037316224,PEPSI,Fe I,6315.81,4.07,-1.73,69.0
4311008797037316224,PEPSI,Fe I,6322.69,2.59,-2.37,112.3
4311008797037316224,PEPSI,Fe I,6380.74,4.19,-1.38,85.9
4311008797037316224,PEPSI,Fe I,6392.54,2.28,-4.06,41.5
4311008797037316224,PEPSI,Fe I,6419.95,4.73,-0.38,118.7
4311008797037316224,PEPSI,Fe I,6436.41,4.19,-2.38,30.5
4311008797037316224,PEPSI,Fe I,6481.87,2.28,-2.98,101.0
4311008797037316224,PEPSI,Fe I,6518.37,2.83,-2.58,87.9
4311008797037316224,PEPSI,Fe I,6569.22,4.73,-0.61,105.0
4311008797037316224,PEPSI,Fe I,6574.23,0.99,-4.99,68.3
4311008797037316224,PEPSI,Fe I,6593.87,2.43,-2.44,120.1
4311008797037316224,PEPSI,Fe I,6597.56,4.79,-1.01,68.4
4311008797037316224,PEPSI,Fe I,6608.02,2.28,-4.03,42.5
4311008797037316224,PEPSI,Fe I,6625.02,1.01,-5.31,49.9
4311008797037316224,PEPSI,Fe I,6627.54,4.55,-1.53,56.1
4311008797037316224,PEPSI,Fe I,6646.93,2.61,-4.05,33.8
4311008797037316224,PEPSI,Fe I,6653.85,4.14,-2.52,28.7
4311008797037316224,PEPSI,Fe I,6699.14,4.59,-2.15,22.7
4311008797037316224,PEPSI,Fe I,6703.57,2.76,-3.06,71.3
4311008797037316224,PEPSI,Fe I,6704.48,4.22,-2.6,18.9
4311008797037316224,PEPSI,Fe I,6710.32,1.48,-4.9,47.3
4311008797037316224,PEPSI,Fe I,6713.77,4.79,-1.49,46.3
4311008797037316224,PEPSI,Fe I,6716.24,4.58,-1.78,42.2
4311008797037316224,PEPSI,Fe I,6725.35,4.1,-2.29,42.0
4311008797037316224,PEPSI,Fe I,6726.67,4.61,-1.09,73.4
4311008797037316224,PEPSI,Fe I,6733.15,4.64,-1.47,52.8
4311008797037316224,PEPSI,Fe I,6739.52,1.56,-4.96,35.2
4311008797037316224,PEPSI,Fe II,5991.38,3.15,-3.63,50.3
4311008797037316224,PEPSI,Fe II,6084.11,3.2,-3.9,37.6
4311008797037316224,PEPSI,Fe II,6113.33,3.22,-4.22,61.6
4311008797037316224,PEPSI,Fe II,6149.26,3.89,-2.77,49.8
4311008797037316224,PEPSI,Fe II,6247.56,3.89,-2.39,66.1
4311008797037316224,PEPSI,Fe II,6369.46,2.89,-4.17,29.9
4311008797037316224,PEPSI,Fe II,6432.68,2.89,-3.6,57.0
4311008797037316224,PEPSI,Fe II,6456.38,3.9,-2.17,77.0
4311008797037316224,PEPSI,Fe II,6516.08,2.89,-3.33,87.4
4430730494968490368,PEPSI,Fe I,5522.45,4.21,-1.49,67.5
4430730494968490368,PEPSI,Fe I,5546.51,4.37,-1.18,79.7
4430730494968490368,PEPSI,Fe I,5560.21,4.43,-1.14,75.1
4430730494968490368,PEPSI,Fe I,5577.02,5.03,-1.61,25.9
4430730494968490368,PEPSI,Fe I,5618.63,4.21,-1.39,70.6
4430730494968490368,PEPSI,Fe I,5619.61,4.39,-1.51,68.2
4430730494968490368,PEPSI,Fe I,5635.83,4.26,-1.65,53.5
4430730494968490368,PEPSI,Fe I,5638.26,4.22,-0.83,106.4
4430730494968490368,PEPSI,Fe I,5651.48,4.47,-1.86,40.0
4430730494968490368,PEPSI,Fe I,5652.33,4.26,-1.81,54.4
4430730494968490368,PEPSI,Fe I,5661.35,4.28,-1.91,44.3
4430730494968490368,PEPSI,Fe I,5679.02,4.65,-0.84,84.8
4430730494968490368,PEPSI,Fe I,5701.55,2.56,-2.22,118.2
4430730494968490368,PEPSI,Fe I,5705.47,4.3,-1.52,64.8
4430730494968490368,PEPSI,Fe I,5741.85,4.26,-1.71,57.2
4430730494968490368,PEPSI,Fe I,5753.13,4.26,-0.77,103.4
4430730494968490368,PEPSI,Fe I,5775.08,4.22,-1.16,85.1
4430730494968490368,PEPSI,Fe I,5778.46,2.59,-3.57,53.3
4430730494968490368,PEPSI,Fe I,5809.22,3.88,-1.73,84.6
4430730494968490368,PEPSI,Fe I,5849.69,3.69,-3.14,22.5
4430730494968490368,PEPSI,Fe I,5852.22,4.55,-1.24,69.0
4430730494968490368,PEPSI,Fe I,5855.08,4.61,-1.6,48.1
4430730494968490368,PEPSI,Fe I,5858.78,4.22,-2.17,26.9
4430730494968490368,PEPSI,Fe I,5861.11,4.28,-2.51,20.8
4430730494968490368,PEPSI,Fe I,5905.67,4.65,-0.87,88.8
4430730494968490368,PEPSI,Fe I,5934.65,3.93,-1.26,110.2
4430730494968490368,PEPSI,Fe I,5956.69,0.86,-4.59,85.6
4430730494968490368,PEPSI,Fe I,6027.05,4.08,-1.23,91.2
4430730494968490368,PEPSI,Fe I,6054.07,4.37,-2.31,25.5
4430730494968490368,PEPSI,Fe I,6079.01,4.65,-1.06,71.6
4430730494968490368,PEPSI,Fe I,6082.71,2.22,-3.61,66.3
4430730494968490368,PEPSI,Fe I,6093.64,4.61,-1.39,56.5
4430730494968490368,PEPSI,Fe I,6127.9,4.14,-1.43,76.9
4430730494968490368,PEPSI,Fe I,6151.62,2.18,-3.36,77.8
4430730494968490368,PEPSI,Fe I,6157.73,4.07,-1.38,89.2
4430730494968490368,PEPSI,Fe I,6159.38,4.61,-1.99,32.0
4430730494968490368,PEPSI,Fe I,6165.37,4.14,-1.55,70.6
4430730494968490368,PEPSI,Fe I,6170.51,4.79,-0.46,132.0
4430730494968490368,PEPSI,Fe I,6173.34,2.22,-2.9,100.5
4430730494968490368,PEPSI,Fe I,6180.2,2.73,-2.62,95.6
4430730494968490368,PEPSI,Fe I,6187.99,3.94,-1.73,78.1
4430730494968490368,PEPSI,Fe I,6200.31,2.61,-2.43,106.1
4430730494968490368,PEPSI,Fe I,6213.43,2.22,-2.64,115.0
4430730494968490368,PEPSI,Fe I,6219.28,2.2,-2.51,122.4
4430730494968490368,PEPSI,Fe I,6220.78,3.88,-2.38,45.3
4430730494968490368,PEPSI,Fe I,6226.74,3.88,-2.16,56.7
4430730494968490368,PEPSI,Fe I,6229.23,2.84,-2.92,67.1
4430730494968490368,PEPSI,Fe I,6240.65,2.22,-3.36,80.0
4430730494968490368,PEPSI,Fe I,6265.13,2.18,-2.56,127.2
4430730494968490368,PEPSI,Fe I,6270.23,2.86,-2.63,80.7
4430730494968490368,PEPSI,Fe I,6297.79,2.22,-2.83,106.0
4430730494968490368,PEPSI,Fe I,6311.5,2.83,-3.09,57.6
4430730494968490368,PEPSI,Fe I,6315.81,4.07,-1.73,67.3
4430730494968490368,PEPSI,Fe I,6322.69,2.59,-2.37,115.0
4430730494968490368,PEPSI,Fe I,6380.74,4.19,-1.38,83.4
4430730494968490368,PEPSI,Fe I,6392.54,2.28,-4.06,39.9
4430730494968490368,PEPSI,Fe I,6419.95,4.73,-0.38,126.2
4430730494968490368,PEPSI,Fe I,6436.41,4.19,-2.38,31.3
4430730494968490368,PEPSI,Fe I,6481.87,2.28,-2.98,101.1
4430730494968490368,PEPSI,Fe I,6518.37,2.83,-2.58,88.8
4430730494968490368,PEPSI,Fe I,6569.22,4.73,-0.61,128.8
4430730494968490368,PEPSI,Fe I,6574.23,0.99,-4.99,62.9
4430730494968490368,PEPSI,Fe I,6593.87,2.43,-2.44,115.8
4430730494968490368,PEPSI,Fe I,6597.56,4.79,-1.01,71.0
4430730494968490368,PEPSI,Fe I,6608.02,2.28,-4.03,42.7
4430730494968490368,PEPSI,Fe I,6625.02,1.01,-5.31,51.7
4430730494968490368,PEPSI,Fe I,6627.54,4.55,-1.53,58.6
4430730494968490368,PEPSI,Fe I,6646.93,2.61,-4.05,33.2
4430730494968490368,PEPSI,Fe I,6653.85,4.14,-2.52,29.9
4430730494968490368,PEPSI,Fe I,6699.14,4.59,-2.15,25.7
4430730494968490368,PEPSI,Fe I,6703.57,2.76,-3.06,68.2
4430730494968490368,PEPSI,Fe I,6704.48,4.22,-2.6,16.3
4430730494968490368,PEPSI,Fe I,6710.32,1.48,-4.9,46.6
4430730494968490368,PEPSI,Fe I,6713.77,4.79,-1.49,45.1
4430730494968490368,PEPSI,Fe I,6716.24,4.58,-1.78,40.2
4430730494968490368,PEPSI,Fe I,6725.35,4.1,-2.29,41.8
4430730494968490368,PEPSI,Fe I,6726.67,4.61,-1.09,77.4
4430730494968490368,PEPSI,Fe I,6733.15,4.64,-1.47,54.3
4430730494968490368,PEPSI,Fe I,6739.52,1.56,-4.96,34.6
4430730494968490368,PEPSI,Fe II,5991.38,3.15,-3.63,44.3
4430730494968490368,PEPSI,Fe II,6084.11,3.2,-3.9,32.7
4430730494968490368,PEPSI,Fe II,6149.26,3.89,-2.77,43.6
4430730494968490368,PEPSI,Fe II,6247.56,3.89,-2.39,59.4
4430730494968490368,PEPSI,Fe II,6369.46,2.89,-4.17,26.0
4430730494968490368,PEPSI,Fe II,6432.68,2.89,-3.6,48.1
4430730494968490368,PEPSI,Fe II,6456.38,3.9,-2.17,68.5
4430730494968490368,PEPSI,Fe II,6516.08,2.89,-3.33,72.4
4463900836634494720,PEPSI,Fe I,5522.45,4.21,-1.49,66.1
4463900836634494720,PEPSI,Fe I,5546.51,4.37,-1.18,79.2
4463900836634494720,PEPSI,Fe I,5560.21,4.43,-1.14,75.1
4463900836634494720,PEPSI,Fe I,5577.02,5.03,-1.61,24.2
4463900836634494720,PEPSI,Fe I,5618.63,4.21,-1.39,69.3
4463900836634494720,PEPSI,Fe I,5619.61,4.39,-1.51,69.1
4463900836634494720,PEPSI,Fe I,5635.83,4.26,-1.65,51.5
4463900836634494720,PEPSI,Fe I,5638.26,4.22,-0.83,104.9
4463900836634494720,PEPSI,Fe I,5651.48,4.47,-1.86,39.5
4463900836634494720,PEPSI,Fe I,5652.33,4.26,-1.81,53.7
4463900836634494720,PEPSI,Fe I,5661.35,4.28,-1.91,44.3
4463900836634494720,PEPSI,Fe I,5679.02,4.65,-0.84,84.8
4463900836634494720,PEPSI,Fe I,5701.55,2.56,-2.22,117.2
4463900836634494720,PEPSI,Fe I,5705.47,4.3,-1.52,64.1
4463900836634494720,PEPSI,Fe I,5741.85,4.26,-1.71,57.8
4463900836634494720,PEPSI,Fe I,5753.13,4.26,-0.77,98.8
4463900836634494720,PEPSI,Fe I,5775.08,4.22,-1.16,84.8
4463900836634494720,PEPSI,Fe I,5778.46,2.59,-3.57,53.5
4463900836634494720,PEPSI,Fe I,5809.22,3.88,-1.73,83.1
4463900836634494720,PEPSI,Fe I,5849.69,3.69,-3.14,21.7
4463900836634494720,PEPSI,Fe I,5852.22,4.55,-1.24,69.3
4463900836634494720,PEPSI,Fe I,5855.08,4.61,-1.6,47.1
4463900836634494720,PEPSI,Fe I,5858.78,4.22,-2.17,26.0
4463900836634494720,PEPSI,Fe I,5861.11,4.28,-2.51,22.3
4463900836634494720,PEPSI,Fe I,5905.67,4.65,-0.87,83.0
4463900836634494720,PEPSI,Fe I,5934.65,3.93,-1.26,107.3
4463900836634494720,PEPSI,Fe I,5956.69,0.86,-4.59,83.0
4463900836634494720,PEPSI,Fe I,6027.05,4.08,-1.23,91.0
4463900836634494720,PEPSI,Fe I,6054.07,4.37,-2.31,24.6
4463900836634494720,PEPSI,Fe I,6079.01,4.65,-1.06,71.7
4463900836634494720,PEPSI,Fe I,6082.71,2.22,-3.61,63.7
4463900836634494720,PEPSI,Fe I,6093.64,4.61,-1.39,56.2
4463900836634494720,PEPSI,Fe I,6127.9,4.14,-1.43,78.3
4463900836634494720,PEPSI,Fe I,6151.62,2.18,-3.36,79.0
4463900836634494720,PEPSI,Fe I,6157.73,4.07,-1.38,90.2
4463900836634494720,PEPSI,Fe I,6159.38,4.61,-1.99,32.7
4463900836634494720,PEPSI,Fe I,6165.37,4.14,-1.55,70.4
4463900836634494720,PEPSI,Fe I,6170.51,4.79,-0.46,127.9
4463900836634494720,PEPSI,Fe I,6173.34,2.22,-2.9,100.0
4463900836634494720,PEPSI,Fe I,6180.2,2.73,-2.62,95.7
4463900836634494720,PEPSI,Fe I,6187.99,3.94,-1.73,76.9
4463900836634494720,PEPSI,Fe I,6200.31,2.61,-2.43,105.0
4463900836634494720,PEPSI,Fe I,6213.43,2.22,-2.64,112.7
4463900836634494720,PEPSI,Fe I,6219.28,2.2,-2.51,122.5
4463900836634494720,PEPSI,Fe I,6220.78,3.88,-2.38,44.5
4463900836634494720,PEPSI,Fe I,6226.74,3.88,-2.16,55.9
4463900836634494720,PEPSI,Fe I,6229.23,2.84,-2.92,66.7
4463900836634494720,PEPSI,Fe I,6265.13,2.18,-2.56,123.6
4463900836634494720,PEPSI,Fe I,6270.23,2.86,-2.63,81.3
4463900836634494720,PEPSI,Fe I,6297.79,2.22,-2.83,104.9
4463900836634494720,PEPSI,Fe I,6311.5,2.83,-3.09,57.0
4463900836634494720,PEPSI,Fe I,6315.81,4.07,-1.73,67.6
4463900836634494720,PEPSI,Fe I,6322.69,2.59,-2.37,110.3
4463900836634494720,PEPSI,Fe I,6380.74,4.19,-1.38,83.6
4463900836634494720,PEPSI,Fe I,6392.54,2.28,-4.06,39.9
4463900836634494720,PEPSI,Fe I,6419.95,4.73,-0.38,120.3
4463900836634494720,PEPSI,Fe I,6436.41,4.19,-2.38,29.4
4463900836634494720,PEPSI,Fe I,6481.87,2.28,-2.98,98.6
4463900836634494720,PEPSI,Fe I,6518.37,2.83,-2.58,83.4
4463900836634494720,PEPSI,Fe I,6569.22,4.73,-0.61,107.9
4463900836634494720,PEPSI,Fe I,6574.23,0.99,-4.99,62.4
4463900836634494720,PEPSI,Fe I,6593.87,2.43,-2.44,116.9
4463900836634494720,PEPSI,Fe I,6597.56,4.79,-1.01,65.7
4463900836634494720,PEPSI,Fe I,6608.02,2.28,-4.03,41.5
4463900836634494720,PEPSI,Fe I,6625.02,1.01,-5.31,51.0
4463900836634494720,PEPSI,Fe I,6627.54,4.55,-1.53,56.6
4463900836634494720,PEPSI,Fe I,6646.93,2.61,-4.05,34.0
4463900836634494720,PEPSI,Fe I,6653.85,4.14,-2.52,28.4
4463900836634494720,PEPSI,Fe I,6699.14,4.59,-2.15,24.8
4463900836634494720,PEPSI,Fe I,6703.57,2.76,-3.06,69.2
4463900836634494720,PEPSI,Fe I,6704.48,4.22,-2.6,22.8
4463900836634494720,PEPSI,Fe I,6710.32,1.48,-4.9,47.0
4463900836634494720,PEPSI,Fe I,6713.77,4.79,-1.49,44.6
4463900836634494720,PEPSI,Fe I,6716.24,4.58,-1.78,41.8
4463900836634494720,PEPSI,Fe I,6725.35,4.1,-2.29,43.0
4463900836634494720,PEPSI,Fe I,6726.67,4.61,-1.09,75.4
4463900836634494720,PEPSI,Fe I,6733.15,4.64,-1.47,52.8
4463900836634494720,PEPSI,Fe I,6739.52,1.56,-4.96,32.7
4463900836634494720,PEPSI,Fe II,5991.38,3.15,-3.63,46.8
4463900836634494720,PEPSI,Fe II,6084.11,3.2,-3.9,35.5
4463900836634494720,PEPSI,Fe II,6113.33,3.22,-4.22,58.0
4463900836634494720,PEPSI,Fe II,6149.26,3.89,-2.77,47.5
4463900836634494720,PEPSI,Fe II,6247.56,3.89,-2.39,64.2
4463900836634494720,PEPSI,Fe II,6369.46,2.89,-4.17,30.9
4463900836634494720,PEPSI,Fe II,6432.68,2.89,-3.6,53.9
4463900836634494720,PEPSI,Fe II,6456.38,3.9,-2.17,73.7
4463900836634494720,PEPSI,Fe II,6516.08,2.89,-3.33,74.2
4492635198637928448,PEPSI,Fe I,5522.45,4.21,-1.49,73.8
4492635198637928448,PEPSI,Fe I,5546.51,4.37,-1.18,100.7
4492635198637928448,PEPSI,Fe I,5560.21,4.43,-1.14,76.8
4492635198637928448,PEPSI,Fe I,5577.02,5.03,-1.61,39.7
4492635198637928448,PEPSI,Fe I,5618.63,4.21,-1.39,73.6
4492635198637928448,PEPSI,Fe I,5619.61,4.39,-1.51,86.0
4492635198637928448,PEPSI,Fe I,5701.55,2.56,-2.22,149.6
4492635198637928448,PEPSI,Fe I,5705.47,4.3,-1.52,72.6
4492635198637928448,PEPSI,Fe I,5741.85,4.26,-1.71,65.3
4492635198637928448,PEPSI,Fe I,5753.13,4.26,-0.77,106.9
4492635198637928448,PEPSI,Fe I,5775.08,4.22,-1.16,95.5
4492635198637928448,PEPSI,Fe I,5778.46,2.59,-3.57,75.1
4492635198637928448,PEPSI,Fe I,5809.22,3.88,-1.73,104.9
4492635198637928448,PEPSI,Fe I,5849.69,3.69,-3.14,38.0
4492635198637928448,PEPSI,Fe I,5852.22,4.55,-1.24,106.1
4492635198637928448,PEPSI,Fe I,5855.08,4.61,-1.6,51.0
4492635198637928448,PEPSI,Fe I,5858.78,4.22,-2.17,37.5
4492635198637928448,PEPSI,Fe I,5861.11,4.28,-2.51,32.7
4492635198637928448,PEPSI,Fe I,6079.01,4.65,-1.06,75.4
4492635198637928448,PEPSI,Fe I,6093.64,4.61,-1.39,63.3
4492635198637928448,PEPSI,Fe I,6127.9,4.14,-1.43,88.8
4492635198637928448,PEPSI,Fe I,6151.62,2.18,-3.36,102.7
4492635198637928448,PEPSI,Fe I,6157.73,4.07,-1.38,110.6
4492635198637928448,PEPSI,Fe I,6159.38,4.61,-1.99,48.8
4492635198637928448,PEPSI,Fe I,6165.37,4.14,-1.55,79.2
4492635198637928448,PEPSI,Fe I,6173.34,2.22,-2.9,128.1
4492635198637928448,PEPSI,Fe I,6180.2,2.73,-2.62,118.9
4492635198637928448,PEPSI,Fe I,6187.99,3.94,-1.73,92.0
4492635198637928448,PEPSI,Fe I,6200.31,2.61,-2.43,130.9
4492635198637928448,PEPSI,Fe I,6265.13,2.18,-2.56,178.1
4492635198637928448,PEPSI,Fe I,6270.23,2.86,-2.63,103.8
4492635198637928448,PEPSI,Fe I,6297.79,2.22,-2.83,141.3
4492635198637928448,PEPSI,Fe I,6311.5,2.83,-3.09,75.4
4492635198637928448,PEPSI,Fe I,6322.69,2.59,-2.37,134.9
4492635198637928448,PEPSI,Fe I,6380.74,4.19,-1.38,104.3
4492635198637928448,PEPSI,Fe I,6392.54,2.28,-4.06,63.9
4492635198637928448,PEPSI,Fe I,6436.41,4.19,-2.38,52.1
4492635198637928448,PEPSI,Fe I,6481.87,2.28,-2.98,132.9
4492635198637928448,PEPSI,Fe I,6518.37,2.83,-2.58,105.3
4492635198637928448,PEPSI,Fe I,6569.22,4.73,-0.61,130.6
4492635198637928448,PEPSI,Fe I,6574.23,0.99,-4.99,100.0
4492635198637928448,PEPSI,Fe I,6593.87,2.43,-2.44,147.5
4492635198637928448,PEPSI,Fe I,6597.56,4.79,-1.01,70.4
4492635198637928448,PEPSI,Fe I,6625.02,1.01,-5.31,164.6
4492635198637928448,PEPSI,Fe I,6627.54,4.55,-1.53,72.3
4492635198637928448,PEPSI,Fe I,6646.93,2.61,-4.05,63.1
4492635198637928448,PEPSI,Fe I,6653.85,4.14,-2.52,41.6
4492635198637928448,PEPSI,Fe I,6699.14,4.59,-2.15,35.9
4492635198637928448,PEPSI,Fe I,6703.57,2.76,-3.06,88.0
4492635198637928448,PEPSI,Fe I,6704.48,4.22,-2.6,29.9
4492635198637928448,PEPSI,Fe I,6710.32,1.48,-4.9,85.5
4492635198637928448,PEPSI,Fe I,6713.77,4.79,-1.49,50.7
4492635198637928448,PEPSI,Fe I,6716.24,4.58,-1.78,65.5
4492635198637928448,PEPSI,Fe I,6725.35,4.1,-2.29,54.6
4492635198637928448,PEPSI,Fe I,6726.67,4.61,-1.09,79.1
4492635198637928448,PEPSI,Fe I,6733.15,4.64,-1.47,59.8
4492635198637928448,PEPSI,Fe I,6739.52,1.56,-4.96,63.7
4492635198637928448,PEPSI,Fe II,6084.11,3.2,-3.9,33.1
4492635198637928448,PEPSI,Fe II,6149.26,3.89,-2.77,33.7
4492635198637928448,PEPSI,Fe II,6247.56,3.89,-2.39,40.2
4492635198637928448,PEPSI,Fe II,6369.46,2.89,-4.17,17.8
4492635198637928448,PEPSI,Fe II,6432.68,2.89,-3.6,35.7
4492635198637928448,PEPSI,Fe II,6456.38,3.9,-2.17,49.7
4492635198637928448,PEPSI,Fe II,6516.08,2.89,-3.33,87.8
4501987885065205248,HIRES,Fe I,5522.45,4.21,-1.49,62.7
4501987885065205248,HIRES,Fe I,5546.51,4.37,-1.18,78.4
4501987885065205248,HIRES,Fe I,5560.21,4.43,-1.14,68.7
4501987885065205248,HIRES,Fe I,5577.02,5.03,-1.61,22.1
4501987885065205248,HIRES,Fe I,5618.63,4.21,-1.39,69.0
4501987885065205248,HIRES,Fe I,5619.61,4.39,-1.51,60.0
4501987885065205248,HIRES,Fe I,5635.83,4.26,-1.65,48.7
4501987885065205248,HIRES,Fe I,5638.26,4.22,-0.83,101.6
4501987885065205248,HIRES,Fe I,5651.48,4.47,-1.86,35.7
4501987885065205248,HIRES,Fe I,5652.33,4.26,-1.81,49.3
4501987885065205248,HIRES,Fe I,5661.35,4.28,-1.91,35.3
4501987885065205248,HIRES,Fe I,5679.02,4.65,-0.84,79.6
4501987885065205248,HIRES,Fe I,5701.55,2.56,-2.22,122.8
4501987885065205248,HIRES,Fe I,5705.47,4.3,-1.52,117.2
4501987885065205248,HIRES,Fe I,5741.85,4.26,-1.71,53.4
4501987885065205248,HIRES,Fe I,5753.13,4.26,-0.77,104.7
4501987885065205248,HIRES,Fe I,5775.08,4.22,-1.16,82.4
4501987885065205248,HIRES,Fe I,5778.46,2.59,-3.57,43.8
4501987885065205248,HIRES,Fe I,5809.22,3.88,-1.73,78.1
4501987885065205248,HIRES,Fe I,5849.69,3.69,-3.14,18.1
4501987885065205248,HIRES,Fe I,5852.22,4.55,-1.24,64.7
4501987885065205248,HIRES,Fe I,5855.08,4.61,-1.6,41.2
4501987885065205248,HIRES,Fe I,5858.78,4.22,-2.17,24.8
4501987885065205248,HIRES,Fe I,5861.11,4.28,-2.51,19.8
4501987885065205248,HIRES,Fe I,5905.67,4.65,-0.87,79.3
4501987885065205248,HIRES,Fe I,5934.65,3.93,-1.26,102.0
4501987885065205248,HIRES,Fe I,5956.69,0.86,-4.59,74.6
4501987885065205248,HIRES,Fe I,6027.05,4.08,-1.23,87.6
4501987885065205248,HIRES,Fe I,6054.07,4.37,-2.31,22.3
4501987885065205248,HIRES,Fe I,6079.01,4.65,-1.06,73.5
4501987885065205248,HIRES,Fe I,6082.71,2.22,-3.61,66.7
4501987885065205248,HIRES,Fe I,6093.64,4.61,-1.39,55.2
4501987885065205248,HIRES,Fe I,6127.9,4.14,-1.43,74.3
4501987885065205248,HIRES,Fe I,6151.62,2.18,-3.36,73.9
4501987885065205248,HIRES,Fe I,6157.73,4.07,-1.38,86.3
4501987885065205248,HIRES,Fe I,6159.38,4.61,-1.99,25.2
4501987885065205248,HIRES,Fe I,6165.37,4.14,-1.55,66.8
4501987885065205248,HIRES,Fe I,6170.51,4.79,-0.46,124.3
4501987885065205248,HIRES,Fe I,6173.34,2.22,-2.9,97.2
4501987885065205248,HIRES,Fe I,6180.2,2.73,-2.62,98.0
4501987885065205248,HIRES,Fe I,6187.99,3.94,-1.73,70.0
4501987885065205248,HIRES,Fe I,6200.31,2.61,-2.43,104.6
4501987885065205248,HIRES,Fe I,6213.43,2.22,-2.64,105.7
4501987885065205248,HIRES,Fe I,6219.28,2.2,-2.51,122.8
4501987885065205248,HIRES,Fe I,6220.78,3.88,-2.38,41.8
4501987885065205248,HIRES,Fe I,6226.74,3.88,-2.16,54.7
4501987885065205248,HIRES,Fe I,6229.23,2.84,-2.92,67.2
4501987885065205248,HIRES,Fe I,6240.65,2.22,-3.36,76.0
4501987885065205248,HIRES,Fe I,6265.13,2.18,-2.56,115.6
4501987885065205248,HIRES,Fe I,6270.23,2.86,-2.63,76.8
4501987885065205248,HIRES,Fe I,6297.79,2.22,-2.83,121.7
4501987885065205248,HIRES,Fe I,6315.81,4.07,-1.73,88.8
4501987885065205248,HIRES,Fe I,6322.69,2.59,-2.37,113.3
4501987885065205248,HIRES,Fe I,6380.74,4.19,-1.38,81.3
4501987885065205248,HIRES,Fe I,6392.54,2.28,-4.06,31.3
4501987885065205248,HIRES,Fe I,6419.95,4.73,-0.38,119.8
4501987885065205248,HIRES,Fe I,6569.22,4.73,-0.61,103.0
4501987885065205248,HIRES,Fe I,6574.23,0.99,-4.99,55.1
4501987885065205248,HIRES,Fe I,6593.87,2.43,-2.44,113.1
4501987885065205248,HIRES,Fe I,6597.56,4.79,-1.01,64.2
4501987885065205248,HIRES,Fe I,6608.02,2.28,-4.03,35.0
4501987885065205248,HIRES,Fe I,6625.02,1.01,-5.31,40.9
4501987885065205248,HIRES,Fe I,6627.54,4.55,-1.53,50.3
4501987885065205248,HIRES,Fe I,6646.93,2.61,-4.05,27.3
4501987885065205248,HIRES,Fe I,6653.85,4.14,-2.52,26.3
4501987885065205248,HIRES,Fe I,6696.32,2.68,-3.73,124.7
4501987885065205248,HIRES,Fe I,6699.14,4.59,-2.15,19.4
4501987885065205248,HIRES,Fe I,6703.57,2.76,-3.06,63.6
4501987885065205248,HIRES,Fe I,6704.48,4.22,-2.6,13.6
4501987885065205248,HIRES,Fe I,6710.32,1.48,-4.9,36.4
4501987885065205248,HIRES,Fe I,6713.77,4.79,-1.49,41.5
4501987885065205248,HIRES,Fe I,6716.24,4.58,-1.78,37.7
4501987885065205248,HIRES,Fe I,6725.35,4.1,-2.29,36.0
4501987885065205248,HIRES,Fe I,6726.67,4.61,-1.09,72.3
4501987885065205248,HIRES,Fe I,6733.15,4.64,-1.47,47.0
4501987885065205248,HIRES,Fe I,6739.52,1.56,-4.96,25.3
4501987885065205248,HIRES,Fe II,5991.38,3.15,-3.63,71.0
4501987885065205248,HIRES,Fe II,6084.11,3.2,-3.9,39.1
4501987885065205248,HIRES,Fe II,6113.33,3.22,-4.22,50.3
4501987885065205248,HIRES,Fe II,6149.26,3.89,-2.77,54.8
4501987885065205248,HIRES,Fe II,6247.56,3.89,-2.39,77.0
4501987885065205248,HIRES,Fe II,6369.46,2.89,-4.17,36.7
4537290729532341120,APF,Fe I,5522.45,4.21,-1.49,63.2
4537290729532341120,APF,Fe I,5546.51,4.37,-1.18,70.4
4537290729532341120,APF,Fe I,5560.21,4.43,-1.14,63.4
4537290729532341120,APF,Fe I,5577.02,5.03,-1.61,18.9
4537290729532341120,APF,Fe I,5618.63,4.21,-1.39,68.0
4537290729532341120,APF,Fe I,5619.61,4.39,-1.51,56.2
4537290729532341120,APF,Fe I,5635.83,4.26,-1.65,47.3
4537290729532341120,APF,Fe I,5638.26,4.22,-0.83,94.9
4537290729532341120,APF,Fe I,5651.48,4.47,-1.86,32.1
4537290729532341120,APF,Fe I,5652.33,4.26,-1.81,45.4
4537290729532341120,APF,Fe I,5661.35,4.28,-1.91,36.1
4537290729532341120,APF,Fe I,5679.02,4.65,-0.84,85.5
4537290729532341120,APF,Fe I,5701.55,2.56,-2.22,104.3
4537290729532341120,APF,Fe I,5705.47,4.3,-1.52,57.6
4537290729532341120,APF,Fe I,5741.85,4.26,-1.71,47.9
4537290729532341120,APF,Fe I,5753.13,4.26,-0.77,88.6
4537290729532341120,APF,Fe I,5775.08,4.22,-1.16,77.7
4537290729532341120,APF,Fe I,5778.46,2.59,-3.57,43.0
4537290729532341120,APF,Fe I,5809.22,3.88,-1.73,73.1
4537290729532341120,APF,Fe I,5849.69,3.69,-3.14,16.7
4537290729532341120,APF,Fe I,5852.22,4.55,-1.24,62.0
4537290729532341120,APF,Fe I,5855.08,4.61,-1.6,42.0
4537290729532341120,APF,Fe I,5858.78,4.22,-2.17,21.1
4537290729532341120,APF,Fe I,5861.11,4.28,-2.51,21.5
4537290729532341120,APF,Fe I,5905.67,4.65,-0.87,79.6
4537290729532341120,APF,Fe I,5934.65,3.93,-1.26,108.4
4537290729532341120,APF,Fe I,5956.69,0.86,-4.59,69.4
4537290729532341120,APF,Fe I,6027.05,4.08,-1.23,83.2
4537290729532341120,APF,Fe I,6054.07,4.37,-2.31,18.8
4537290729532341120,APF,Fe I,6079.01,4.65,-1.06,69.5
4537290729532341120,APF,Fe I,6082.71,2.22,-3.61,54.2
4537290729532341120,APF,Fe I,6093.64,4.61,-1.39,52.2
4537290729532341120,APF,Fe I,6127.9,4.14,-1.43,73.8
4537290729532341120,APF,Fe I,6151.62,2.18,-3.36,69.8
4537290729532341120,APF,Fe I,6157.73,4.07,-1.38,66.2
4537290729532341120,APF,Fe I,6159.38,4.61,-1.99,23.8
4537290729532341120,APF,Fe I,6165.37,4.14,-1.55,64.7
4537290729532341120,APF,Fe I,6170.51,4.79,-0.46,115.2
4537290729532341120,APF,Fe I,6173.34,2.22,-2.9,91.7
4537290729532341120,APF,Fe I,6180.2,2.73,-2.62,84.9
4537290729532341120,APF,Fe I,6187.99,3.94,-1.73,67.6
4537290729532341120,APF,Fe I,6200.31,2.61,-2.43,96.6
4537290729532341120,APF,Fe I,6213.43,2.22,-2.64,105.6
4537290729532341120,APF,Fe I,6219.28,2.2,-2.51,115.4
4537290729532341120,APF,Fe I,6220.78,3.88,-2.38,33.2
4537290729532341120,APF,Fe I,6226.74,3.88,-2.16,49.4
4537290729532341120,APF,Fe I,6229.23,2.84,-2.92,55.1
4537290729532341120,APF,Fe I,6240.65,2.22,-3.36,70.0
4537290729532341120,APF,Fe I,6265.13,2.18,-2.56,111.1
4537290729532341120,APF,Fe I,6270.23,2.86,-2.63,67.3
4537290729532341120,APF,Fe I,6297.79,2.22,-2.83,93.6
4537290729532341120,APF,Fe I,6311.5,2.83,-3.09,60.1
4537290729532341120,APF,Fe I,6322.69,2.59,-2.37,100.9
4537290729532341120,APF,Fe I,6380.74,4.19,-1.38,75.1
4537290729532341120,APF,Fe I,6392.54,2.28,-4.06,31.3
4537290729532341120,APF,Fe I,6419.95,4.73,-0.38,115.9
4537290729532341120,APF,Fe I,6436.41,4.19,-2.38,28.3
4537290729532341120,APF,Fe I,6481.87,2.28,-2.98,97.8
4537290729532341120,APF,Fe I,6569.22,4.73,-0.61,98.2
4537290729532341120,APF,Fe I,6574.23,0.99,-4.99,43.9
4537290729532341120,APF,Fe I,6593.87,2.43,-2.44,94.9
4537290729532341120,APF,Fe I,6597.56,4.79,-1.01,63.3
4537290729532341120,APF,Fe I,6608.02,2.28,-4.03,33.7
4537290729532341120,APF,Fe I,6703.57,2.76,-3.06,60.7
4537290729532341120,APF,Fe I,6704.48,4.22,-2.6,15.2
4537290729532341120,APF,Fe I,6710.32,1.48,-4.9,28.8
4537290729532341120,APF,Fe I,6713.77,4.79,-1.49,36.0
4537290729532341120,APF,Fe I,6716.24,4.58,-1.78,36.9
4537290729532341120,APF,Fe I,6725.35,4.1,-2.29,32.0
4537290729532341120,APF,Fe I,6726.67,4.61,-1.09,78.3
4537290729532341120,APF,Fe I,6733.15,4.64,-1.47,41.4
4537290729532341120,APF,Fe I,6739.52,1.56,-4.96,21.4
4537290729532341120,APF,Fe II,5991.38,3.15,-3.63,51.2
4537290729532341120,APF,Fe II,6084.11,3.2,-3.9,36.1
4537290729532341120,APF,Fe II,6113.33,3.22,-4.22,65.4
4537290729532341120,APF,Fe II,6149.26,3.89,-2.77,51.1
4537290729532341120,APF,Fe II,6247.56,3.89,-2.39,71.9
4537290729532341120,APF,Fe II,6369.46,2.89,-4.17,31.6
4537290729532341120,APF,Fe II,6432.68,2.89,-3.6,49.4
4537290729532341120,APF,Fe II,6456.38,3.9,-2.17,79.4
4537290729532341120,APF,Fe II,6516.08,2.89,-3.33,88.7
4547137062312951680,HIRES,Fe I,5522.45,4.21,-1.49,89.9
4547137062312951680,HIRES,Fe I,5546.51,4.37,-1.18,143.8
4547137062312951680,HIRES,Fe I,5577.02,5.03,-1.61,35.2
4547137062312951680,HIRES,Fe I,5618.63,4.21,-1.39,83.2
4547137062312951680,HIRES,Fe I,5638.26,4.22,-0.83,117.6
4547137062312951680,HIRES,Fe I,5651.48,4.47,-1.86,57.2
4547137062312951680,HIRES,Fe I,5652.33,4.26,-1.81,72.9
4547137062312951680,HIRES,Fe I,5661.35,4.28,-1.91,80.4
4547137062312951680,HIRES,Fe I,5679.02,4.65,-0.84,89.6
4547137062312951680,HIRES,Fe I,5701.55,2.56,-2.22,188.4
4547137062312951680,HIRES,Fe I,5705.47,4.3,-1.52,86.9
4547137062312951680,HIRES,Fe I,5741.85,4.26,-1.71,72.1
4547137062312951680,HIRES,Fe I,5775.08,4.22,-1.16,107.2
4547137062312951680,HIRES,Fe I,5778.46,2.59,-3.57,106.5
4547137062312951680,HIRES,Fe I,5809.22,3.88,-1.73,124.3
4547137062312951680,HIRES,Fe I,5849.69,3.69,-3.14,52.0
4547137062312951680,HIRES,Fe I,5852.22,4.55,-1.24,171.3
4547137062312951680,HIRES,Fe I,5855.08,4.61,-1.6,57.5
4547137062312951680,HIRES,Fe I,5858.78,4.22,-2.17,41.3
4547137062312951680,HIRES,Fe I,5861.11,4.28,-2.51,42.4
4547137062312951680,HIRES,Fe I,5905.67,4.65,-0.87,99.9
4547137062312951680,HIRES,Fe I,5956.69,0.86,-4.59,161.0
4547137062312951680,HIRES,Fe I,6027.05,4.08,-1.23,115.6
4547137062312951680,HIRES,Fe I,6054.07,4.37,-2.31,45.3
4547137062312951680,HIRES,Fe I,6079.01,4.65,-1.06,94.0
4547137062312951680,HIRES,Fe I,6151.62,2.18,-3.36,138.2
4547137062312951680,HIRES,Fe I,6157.73,4.07,-1.38,157.4
4547137062312951680,HIRES,Fe I,6159.38,4.61,-1.99,62.1
4547137062312951680,HIRES,Fe I,6165.37,4.14,-1.55,94.6
4547137062312951680,HIRES,Fe I,6173.34,2.22,-2.9,171.8
4547137062312951680,HIRES,Fe I,6180.2,2.73,-2.62,191.6
4547137062312951680,HIRES,Fe I,6187.99,3.94,-1.73,101.0
4547137062312951680,HIRES,Fe I,6200.31,2.61,-2.43,158.9
4547137062312951680,HIRES,Fe I,6219.28,2.2,-2.51,185.9
4547137062312951680,HIRES,Fe I,6226.74,3.88,-2.16,73.8
4547137062312951680,HIRES,Fe I,6229.23,2.84,-2.92,133.4
4547137062312951680,HIRES,Fe I,6270.23,2.86,-2.63,130.1
4547137062312951680,HIRES,Fe I,6297.79,2.22,-2.83,184.1
4547137062312951680,HIRES,Fe I,6311.5,2.83,-3.09,159.3
4547137062312951680,HIRES,Fe I,6315.81,4.07,-1.73,84.3
4547137062312951680,HIRES,Fe I,6322.69,2.59,-2.37,175.0
4547137062312951680,HIRES,Fe I,6380.74,4.19,-1.38,136.0
4547137062312951680,HIRES,Fe I,6569.22,4.73,-0.61,171.0
4547137062312951680,HIRES,Fe I,6574.23,0.99,-4.99,149.3
4547137062312951680,HIRES,Fe I,6593.87,2.43,-2.44,184.7
4547137062312951680,HIRES,Fe I,6597.56,4.79,-1.01,75.3
4547137062312951680,HIRES,Fe I,6608.02,2.28,-4.03,130.5
4547137062312951680,HIRES,Fe I,6627.54,4.55,-1.53,91.8
4547137062312951680,HIRES,Fe I,6646.93,2.61,-4.05,111.7
4547137062312951680,HIRES,Fe I,6653.85,4.14,-2.52,50.6
4547137062312951680,HIRES,Fe I,6699.14,4.59,-2.15,42.1
4547137062312951680,HIRES,Fe I,6703.57,2.76,-3.06,131.3
4547137062312951680,HIRES,Fe I,6704.48,4.22,-2.6,34.4
4547137062312951680,HIRES,Fe I,6710.32,1.48,-4.9,155.4
4547137062312951680,HIRES,Fe I,6713.77,4.79,-1.49,55.9
4547137062312951680,HIRES,Fe I,6716.24,4.58,-1.78,102.8
4547137062312951680,HIRES,Fe I,6725.35,4.1,-2.29,63.6
4547137062312951680,HIRES,Fe I,6726.67,4.61,-1.09,82.8
4547137062312951680,HIRES,Fe I,6733.15,4.64,-1.47,65.2
4547137062312951680,HIRES,Fe I,6739.52,1.56,-4.96,88.6
4547137062312951680,HIRES,Fe II,6149.26,3.89,-2.77,46.3
4547137062312951680,HIRES,Fe II,6247.56,3.89,-2.39,57.2
4547137062312951680,HIRES,Fe II,6369.46,2.89,-4.17,22.1
4547137062312951680,PEPSI,Fe I,5522.45,4.21,-1.49,82.6
4547137062312951680,PEPSI,Fe I,5546.51,4.37,-1.18,141.6
4547137062312951680,PEPSI,Fe I,5577.02,5.03,-1.61,34.7
4547137062312951680,PEPSI,Fe I,5618.63,4.21,-1.39,79.2
4547137062312951680,PEPSI,Fe I,5635.83,4.26,-1.65,66.3
4547137062312951680,PEPSI,Fe I,5638.26,4.22,-0.83,123.7
4547137062312951680,PEPSI,Fe I,5651.48,4.47,-1.86,60.0
4547137062312951680,PEPSI,Fe I,5652.33,4.26,-1.81,79.8
4547137062312951680,PEPSI,Fe I,5661.35,4.28,-1.91,84.3
4547137062312951680,PEPSI,Fe I,5679.02,4.65,-0.84,91.7
4547137062312951680,PEPSI,Fe I,5701.55,2.56,-2.22,186.3
4547137062312951680,PEPSI,Fe I,5705.47,4.3,-1.52,88.1
4547137062312951680,PEPSI,Fe I,5741.85,4.26,-1.71,76.6
4547137062312951680,PEPSI,Fe I,5775.08,4.22,-1.16,105.0
4547137062312951680,PEPSI,Fe I,5778.46,2.59,-3.57,112.7
4547137062312951680,PEPSI,Fe I,5809.22,3.88,-1.73,120.9
4547137062312951680,PEPSI,Fe I,5849.69,3.69,-3.14,53.1
4547137062312951680,PEPSI,Fe I,5852.22,4.55,-1.24,174.7
4547137062312951680,PEPSI,Fe I,5855.08,4.61,-1.6,61.9
4547137062312951680,PEPSI,Fe I,5858.78,4.22,-2.17,42.4
4547137062312951680,PEPSI,Fe I,5861.11,4.28,-2.51,42.0
4547137062312951680,PEPSI,Fe I,5905.67,4.65,-0.87,100.7
4547137062312951680,PEPSI,Fe I,5934.65,3.93,-1.26,131.9
4547137062312951680,PEPSI,Fe I,5956.69,0.86,-4.59,164.5
4547137062312951680,PEPSI,Fe I,6027.05,4.08,-1.23,117.1
4547137062312951680,PEPSI,Fe I,6079.01,4.65,-1.06,89.6
4547137062312951680,PEPSI,Fe I,6093.64,4.61,-1.39,80.2
4547137062312951680,PEPSI,Fe I,6151.62,2.18,-3.36,140.7
4547137062312951680,PEPSI,Fe I,6157.73,4.07,-1.38,151.2
4547137062312951680,PEPSI,Fe I,6159.38,4.61,-1.99,66.9
4547137062312951680,PEPSI,Fe I,6165.37,4.14,-1.55,97.1
4547137062312951680,PEPSI,Fe I,6173.34,2.22,-2.9,174.7
4547137062312951680,PEPSI,Fe I,6180.2,2.73,-2.62,186.7
4547137062312951680,PEPSI,Fe I,6187.99,3.94,-1.73,103.4
4547137062312951680,PEPSI,Fe I,6200.31,2.61,-2.43,160.5
4547137062312951680,PEPSI,Fe I,6219.28,2.2,-2.51,190.7
4547137062312951680,PEPSI,Fe I,6226.74,3.88,-2.16,78.8
4547137062312951680,PEPSI,Fe I,6229.23,2.84,-2.92,108.9
4547137062312951680,PEPSI,Fe I,6270.23,2.86,-2.63,129.2
4547137062312951680,PEPSI,Fe I,6311.5,2.83,-3.09,170.0
4547137062312951680,PEPSI,Fe I,6322.69,2.59,-2.37,170.6
4547137062312951680,PEPSI,Fe I,6380.74,4.19,-1.38,140.8
4547137062312951680,PEPSI,Fe I,6436.41,4.19,-2.38,74.5
4547137062312951680,PEPSI,Fe I,6481.87,2.28,-2.98,178.4
4547137062312951680,PEPSI,Fe I,6569.22,4.73,-0.61,179.1
4547137062312951680,PEPSI,Fe I,6574.23,0.99,-4.99,149.9
4547137062312951680,PEPSI,Fe I,6593.87,2.43,-2.44,182.6
4547137062312951680,PEPSI,Fe I,6597.56,4.79,-1.01,72.8
4547137062312951680,PEPSI,Fe I,6608.02,2.28,-4.03,123.8
4547137062312951680,PEPSI,Fe I,6627.54,4.55,-1.53,133.2
4547137062312951680,PEPSI,Fe I,6646.93,2.61,-4.05,113.1
4547137062312951680,PEPSI,Fe I,6653.85,4.14,-2.52,52.5
4547137062312951680,PEPSI,Fe I,6699.14,4.59,-2.15,47.9
4547137062312951680,PEPSI,Fe I,6703.57,2.76,-3.06,127.8
4547137062312951680,PEPSI,Fe I,6704.48,4.22,-2.6,37.9
4547137062312951680,PEPSI,Fe I,6710.32,1.48,-4.9,150.0
4547137062312951680,PEPSI,Fe I,6713.77,4.79,-1.49,61.1
4547137062312951680,PEPSI,Fe I,6716.24,4.58,-1.78,107.2
4547137062312951680,PEPSI,Fe I,6725.35,4.1,-2.29,63.5
4547137062312951680,PEPSI,Fe I,6726.67,4.61,-1.09,88.4
4547137062312951680,PEPSI,Fe I,6733.15,4.64,-1.47,66.5
4547137062312951680,PEPSI,Fe I,6739.52,1.56,-4.96,87.1
4547137062312951680,PEPSI,Fe II,6084.11,3.2,-3.9,51.4
4547137062312951680,PEPSI,Fe II,6149.26,3.89,-2.77,41.7
4547137062312951680,PEPSI,Fe II,6247.56,3.89,-2.39,51.8
4547137062312951680,PEPSI,Fe II,6369.46,2.89,-4.17,22.5
4547137062312951680,PEPSI,Fe II,6432.68,2.89,-3.6,43.3
4547137062312951680,PEPSI,Fe II,6456.38,3.9,-2.17,59.1
4547137062312951680,PEPSI,Fe II,6516.08,2.89,-3.33,121.8
4553137647030000384,APF,Fe I,5522.45,4.21,-1.49,75.2
4553137647030000384,APF,Fe I,5546.51,4.37,-1.18,113.6
4553137647030000384,APF,Fe I,5560.21,4.43,-1.14,81.4
4553137647030000384,APF,Fe I,5577.02,5.03,-1.61,34.2
4553137647030000384,APF,Fe I,5618.63,4.21,-1.39,75.5
4553137647030000384,APF,Fe I,5635.83,4.26,-1.65,64.4
4553137647030000384,APF,Fe I,5638.26,4.22,-0.83,121.1
4553137647030000384,APF,Fe I,5651.48,4.47,-1.86,49.9
4553137647030000384,APF,Fe I,5652.33,4.26,-1.81,66.4
4553137647030000384,APF,Fe I,5661.35,4.28,-1.91,65.4
4553137647030000384,APF,Fe I,5679.02,4.65,-0.84,84.1
4553137647030000384,APF,Fe I,5701.55,2.56,-2.22,162.4
4553137647030000384,APF,Fe I,5705.47,4.3,-1.52,82.9
4553137647030000384,APF,Fe I,5741.85,4.26,-1.71,75.2
4553137647030000384,APF,Fe I,5775.08,4.22,-1.16,98.4
4553137647030000384,APF,Fe I,5778.46,2.59,-3.57,82.1
4553137647030000384,APF,Fe I,5809.22,3.88,-1.73,114.6
4553137647030000384,APF,Fe I,5849.69,3.69,-3.14,46.6
4553137647030000384,APF,Fe I,5852.22,4.55,-1.24,128.8
4553137647030000384,APF,Fe I,5855.08,4.61,-1.6,56.2
4553137647030000384,APF,Fe I,5858.78,4.22,-2.17,41.0
4553137647030000384,APF,Fe I,5861.11,4.28,-2.51,40.9
4553137647030000384,APF,Fe I,5905.67,4.65,-0.87,98.4
4553137647030000384,APF,Fe I,5934.65,3.93,-1.26,128.4
4553137647030000384,APF,Fe I,5956.69,0.86,-4.59,129.0
4553137647030000384,APF,Fe I,6027.05,4.08,-1.23,102.2
4553137647030000384,APF,Fe I,6079.01,4.65,-1.06,69.7
4553137647030000384,APF,Fe I,6093.64,4.61,-1.39,72.3
4553137647030000384,APF,Fe I,6127.9,4.14,-1.43,94.6
4553137647030000384,APF,Fe I,6151.62,2.18,-3.36,116.2
4553137647030000384,APF,Fe I,6157.73,4.07,-1.38,129.6
4553137647030000384,APF,Fe I,6159.38,4.61,-1.99,60.5
4553137647030000384,APF,Fe I,6165.37,4.14,-1.55,83.7
4553137647030000384,APF,Fe I,6173.34,2.22,-2.9,141.4
4553137647030000384,APF,Fe I,6180.2,2.73,-2.62,144.6
4553137647030000384,APF,Fe I,6187.99,3.94,-1.73,94.0
4553137647030000384,APF,Fe I,6200.31,2.61,-2.43,146.7
4553137647030000384,APF,Fe I,6219.28,2.2,-2.51,163.8
4553137647030000384,APF,Fe I,6226.74,3.88,-2.16,68.4
4553137647030000384,APF,Fe I,6229.23,2.84,-2.92,98.6
4553137647030000384,APF,Fe I,6265.13,2.18,-2.56,199.6
4553137647030000384,APF,Fe I,6270.23,2.86,-2.63,108.2
4553137647030000384,APF,Fe I,6297.79,2.22,-2.83,180.5
4553137647030000384,APF,Fe I,6322.69,2.59,-2.37,149.2
4553137647030000384,APF,Fe I,6380.74,4.19,-1.38,116.5
4553137647030000384,APF,Fe I,6436.41,4.19,-2.38,55.0
4553137647030000384,APF,Fe I,6481.87,2.28,-2.98,160.2
4553137647030000384,APF,Fe I,6569.22,4.73,-0.61,138.1
4553137647030000384,APF,Fe I,6574.23,0.99,-4.99,112.6
4553137647030000384,APF,Fe I,6593.87,2.43,-2.44,150.1
4553137647030000384,APF,Fe I,6597.56,4.79,-1.01,70.9
4553137647030000384,APF,Fe I,6608.02,2.28,-4.03,104.5
4553137647030000384,APF,Fe I,6625.02,1.01,-5.31,196.5
4553137647030000384,APF,Fe I,6627.54,4.55,-1.53,75.1
4553137647030000384,APF,Fe I,6646.93,2.61,-4.05,72.5
4553137647030000384,APF,Fe I,6653.85,4.14,-2.52,48.9
4553137647030000384,APF,Fe I,6699.14,4.59,-2.15,41.8
4553137647030000384,APF,Fe I,6703.57,2.76,-3.06,101.5
4553137647030000384,APF,Fe I,6704.48,4.22,-2.6,32.9
4553137647030000384,APF,Fe I,6725.35,4.1,-2.29,55.4
4553137647030000384,APF,Fe I,6726.67,4.61,-1.09,90.2
4553137647030000384,APF,Fe I,6733.15,4.64,-1.47,58.5
4553137647030000384,APF,Fe I,6739.52,1.56,-4.96,72.1
4553137647030000384,APF,Fe II,6084.11,3.2,-3.9,39.0
4553137647030000384,APF,Fe II,6149.26,3.89,-2.77,41.1
4553137647030000384,APF,Fe II,6247.56,3.89,-2.39,48.9
4553137647030000384,APF,Fe II,6369.46,2.89,-4.17,19.2
4553137647030000384,APF,Fe II,6432.68,2.89,-3.6,37.9
4553137647030000384,APF,Fe II,6456.38,3.9,-2.17,58.5
4553137647030000384,APF,Fe II,6516.08,2.89,-3.33,101.9
4563963404148476800,PEPSI,Fe I,5522.45,4.21,-1.49,66.1
4563963404148476800,PEPSI,Fe I,5546.51,4.37,-1.18,77.3
4563963404148476800,PEPSI,Fe I,5560.21,4.43,-1.14,74.3
4563963404148476800,PEPSI,Fe I,5577.02,5.03,-1.61,25.7
4563963404148476800,PEPSI,Fe I,5618.63,4.21,-1.39,70.3
4563963404148476800,PEPSI,Fe I,5619.61,4.39,-1.51,65.1
4563963404148476800,PEPSI,Fe I,5635.83,4.26,-1.65,51.9
4563963404148476800,PEPSI,Fe I,5638.26,4.22,-0.83,104.5
4563963404148476800,PEPSI,Fe I,5651.48,4.47,-1.86,40.3
4563963404148476800,PEPSI,Fe I,5652.33,4.26,-1.81,54.8
4563963404148476800,PEPSI,Fe I,5661.35,4.28,-1.91,42.9
4563963404148476800,PEPSI,Fe I,5679.02,4.65,-0.84,82.3
4563963404148476800,PEPSI,Fe I,5701.55,2.56,-2.22,115.2
4563963404148476800,PEPSI,Fe I,5705.47,4.3,-1.52,62.7
4563963404148476800,PEPSI,Fe I,5741.85,4.26,-1.71,57.0
4563963404148476800,PEPSI,Fe I,5753.13,4.26,-0.77,98.6
4563963404148476800,PEPSI,Fe I,5775.08,4.22,-1.16,84.3
4563963404148476800,PEPSI,Fe I,5778.46,2.59,-3.57,49.2
4563963404148476800,PEPSI,Fe I,5809.22,3.88,-1.73,81.5
4563963404148476800,PEPSI,Fe I,5849.69,3.69,-3.14,20.5
4563963404148476800,PEPSI,Fe I,5852.22,4.55,-1.24,68.6
4563963404148476800,PEPSI,Fe I,5855.08,4.61,-1.6,46.0
4563963404148476800,PEPSI,Fe I,5858.78,4.22,-2.17,28.2
4563963404148476800,PEPSI,Fe I,5861.11,4.28,-2.51,21.5
4563963404148476800,PEPSI,Fe I,5905.67,4.65,-0.87,81.7
4563963404148476800,PEPSI,Fe I,5934.65,3.93,-1.26,104.3
4563963404148476800,PEPSI,Fe I,5956.69,0.86,-4.59,81.5
4563963404148476800,PEPSI,Fe I,6027.05,4.08,-1.23,90.2
4563963404148476800,PEPSI,Fe I,6054.07,4.37,-2.31,24.4
4563963404148476800,PEPSI,Fe I,6079.01,4.65,-1.06,70.3
4563963404148476800,PEPSI,Fe I,6082.71,2.22,-3.61,63.6
4563963404148476800,PEPSI,Fe I,6093.64,4.61,-1.39,55.6
4563963404148476800,PEPSI,Fe I,6127.9,4.14,-1.43,76.8
4563963404148476800,PEPSI,Fe I,6151.62,2.18,-3.36,78.7
4563963404148476800,PEPSI,Fe I,6157.73,4.07,-1.38,88.5
4563963404148476800,PEPSI,Fe I,6159.38,4.61,-1.99,30.8
4563963404148476800,PEPSI,Fe I,6165.37,4.14,-1.55,69.4
4563963404148476800,PEPSI,Fe I,6170.51,4.79,-0.46,122.7
4563963404148476800,PEPSI,Fe I,6173.34,2.22,-2.9,99.6
4563963404148476800,PEPSI,Fe I,6180.2,2.73,-2.62,92.6
4563963404148476800,PEPSI,Fe I,6187.99,3.94,-1.73,75.5
4563963404148476800,PEPSI,Fe I,6200.31,2.61,-2.43,106.5
4563963404148476800,PEPSI,Fe I,6213.43,2.22,-2.64,112.5
4563963404148476800,PEPSI,Fe I,6219.28,2.2,-2.51,120.8
4563963404148476800,PEPSI,Fe I,6220.78,3.88,-2.38,41.8
4563963404148476800,PEPSI,Fe I,6226.74,3.88,-2.16,57.0
4563963404148476800,PEPSI,Fe I,6229.23,2.84,-2.92,66.9
4563963404148476800,PEPSI,Fe I,6240.65,2.22,-3.36,78.5
4563963404148476800,PEPSI,Fe I,6265.13,2.18,-2.56,119.5
4563963404148476800,PEPSI,Fe I,6270.23,2.86,-2.63,79.5
4563963404148476800,PEPSI,Fe I,6297.79,2.22,-2.83,103.8
4563963404148476800,PEPSI,Fe I,6311.5,2.83,-3.09,55.0
4563963404148476800,PEPSI,Fe I,6315.81,4.07,-1.73,66.7
4563963404148476800,PEPSI,Fe I,6322.69,2.59,-2.37,108.9
4563963404148476800,PEPSI,Fe I,6380.74,4.19,-1.38,106.2
4563963404148476800,PEPSI,Fe I,6392.54,2.28,-4.06,38.3
4563963404148476800,PEPSI,Fe I,6419.95,4.73,-0.38,118.4
4563963404148476800,PEPSI,Fe I,6436.41,4.19,-2.38,29.1
4563963404148476800,PEPSI,Fe I,6481.87,2.28,-2.98,96.2
4563963404148476800,PEPSI,Fe I,6518.37,2.83,-2.58,90.6
4563963404148476800,PEPSI,Fe I,6569.22,4.73,-0.61,105.9
4563963404148476800,PEPSI,Fe I,6574.23,0.99,-4.99,61.6
4563963404148476800,PEPSI,Fe I,6593.87,2.43,-2.44,116.6
4563963404148476800,PEPSI,Fe I,6597.56,4.79,-1.01,69.6
4563963404148476800,PEPSI,Fe I,6608.02,2.28,-4.03,41.3
4563963404148476800,PEPSI,Fe I,6625.02,1.01,-5.31,47.8
4563963404148476800,PEPSI,Fe I,6627.54,4.55,-1.53,55.3
4563963404148476800,PEPSI,Fe I,6646.93,2.61,-4.05,31.1
4563963404148476800,PEPSI,Fe I,6653.85,4.14,-2.52,29.7
4563963404148476800,PEPSI,Fe I,6699.14,4.59,-2.15,23.7
4563963404148476800,PEPSI,Fe I,6703.57,2.76,-3.06,68.7
4563963404148476800,PEPSI,Fe I,6704.48,4.22,-2.6,18.4
4563963404148476800,PEPSI,Fe I,6710.32,1.48,-4.9,42.9
4563963404148476800,PEPSI,Fe I,6713.77,4.79,-1.49,44.0
4563963404148476800,PEPSI,Fe I,6716.24,4.58,-1.78,37.8
4563963404148476800,PEPSI,Fe I,6725.35,4.1,-2.29,40.3
4563963404148476800,PEPSI,Fe I,6726.67,4.61,-1.09,73.4
4563963404148476800,PEPSI,Fe I,6733.15,4.64,-1.47,51.8
4563963404148476800,PEPSI,Fe I,6739.52,1.56,-4.96,31.4
4563963404148476800,PEPSI,Fe II,5991.38,3.15,-3.63,48.0
4563963404148476800,PEPSI,Fe II,6084.11,3.2,-3.9,34.8
4563963404148476800,PEPSI,Fe II,6113.33,3.22,-4.22,60.2
4563963404148476800,PEPSI,Fe II,6149.26,3.89,-2.77,50.9
4563963404148476800,PEPSI,Fe II,6247.56,3.89,-2.39,67.6
4563963404148476800,PEPSI,Fe II,6369.46,2.89,-4.17,31.7
4563963404148476800,PEPSI,Fe II,6432.68,2.89,-3.6,52.4
4563963404148476800,PEPSI,Fe II,6456.38,3.9,-2.17,74.8
4563963404148476800,PEPSI,Fe II,6516.08,2.89,-3.33,92.3
4596318389222965504,PEPSI,Fe I,5522.45,4.21,-1.49,75.9
4596318389222965504,PEPSI,Fe I,5546.51,4.37,-1.18,110.2
4596318389222965504,PEPSI,Fe I,5560.21,4.43,-1.14,78.7
4596318389222965504,PEPSI,Fe I,5577.02,5.03,-1.61,38.2
4596318389222965504,PEPSI,Fe I,5618.63,4.21,-1.39,75.5
4596318389222965504,PEPSI,Fe I,5619.61,4.39,-1.51,85.7
4596318389222965504,PEPSI,Fe I,5701.55,2.56,-2.22,160.2
4596318389222965504,PEPSI,Fe I,5705.47,4.3,-1.52,74.5
4596318389222965504,PEPSI,Fe I,5741.85,4.26,-1.71,69.6
4596318389222965504,PEPSI,Fe I,5775.08,4.22,-1.16,98.3
4596318389222965504,PEPSI,Fe I,5778.46,2.59,-3.57,82.5
4596318389222965504,PEPSI,Fe I,5809.22,3.88,-1.73,111.5
4596318389222965504,PEPSI,Fe I,5849.69,3.69,-3.14,42.3
4596318389222965504,PEPSI,Fe I,5852.22,4.55,-1.24,119.4
4596318389222965504,PEPSI,Fe I,5855.08,4.61,-1.6,54.0
4596318389222965504,PEPSI,Fe I,5858.78,4.22,-2.17,40.2
4596318389222965504,PEPSI,Fe I,5861.11,4.28,-2.51,35.8
4596318389222965504,PEPSI,Fe I,6079.01,4.65,-1.06,78.7
4596318389222965504,PEPSI,Fe I,6093.64,4.61,-1.39,67.1
4596318389222965504,PEPSI,Fe I,6127.9,4.14,-1.43,95.4
4596318389222965504,PEPSI,Fe I,6151.62,2.18,-3.36,108.4
4596318389222965504,PEPSI,Fe I,6157.73,4.07,-1.38,122.2
4596318389222965504,PEPSI,Fe I,6159.38,4.61,-1.99,53.7
4596318389222965504,PEPSI,Fe I,6165.37,4.14,-1.55,84.4
4596318389222965504,PEPSI,Fe I,6173.34,2.22,-2.9,139.0
4596318389222965504,PEPSI,Fe I,6180.2,2.73,-2.62,132.7
4596318389222965504,PEPSI,Fe I,6187.99,3.94,-1.73,95.7
4596318389222965504,PEPSI,Fe I,6200.31,2.61,-2.43,139.1
4596318389222965504,PEPSI,Fe I,6265.13,2.18,-2.56,199.1
4596318389222965504,PEPSI,Fe I,6270.23,2.86,-2.63,111.3
4596318389222965504,PEPSI,Fe I,6297.79,2.22,-2.83,151.2
4596318389222965504,PEPSI,Fe I,6311.5,2.83,-3.09,152.7
4596318389222965504,PEPSI,Fe I,6322.69,2.59,-2.37,144.1
4596318389222965504,PEPSI,Fe I,6380.74,4.19,-1.38,118.9
4596318389222965504,PEPSI,Fe I,6436.41,4.19,-2.38,59.1
4596318389222965504,PEPSI,Fe I,6481.87,2.28,-2.98,143.9
4596318389222965504,PEPSI,Fe I,6569.22,4.73,-0.61,134.1
4596318389222965504,PEPSI,Fe I,6574.23,0.99,-4.99,106.3
4596318389222965504,PEPSI,Fe I,6593.87,2.43,-2.44,154.3
4596318389222965504,PEPSI,Fe I,6597.56,4.79,-1.01,73.2
4596318389222965504,PEPSI,Fe I,6625.02,1.01,-5.31,189.7
4596318389222965504,PEPSI,Fe I,6627.54,4.55,-1.53,78.4
4596318389222965504,PEPSI,Fe I,6646.93,2.61,-4.05,85.9
4596318389222965504,PEPSI,Fe I,6653.85,4.14,-2.52,40.9
4596318389222965504,PEPSI,Fe I,6699.14,4.59,-2.15,40.2
4596318389222965504,PEPSI,Fe I,6703.57,2.76,-3.06,96.2
4596318389222965504,PEPSI,Fe I,6704.48,4.22,-2.6,30.8
4596318389222965504,PEPSI,Fe I,6710.32,1.48,-4.9,109.1
4596318389222965504,PEPSI,Fe I,6713.77,4.79,-1.49,55.3
4596318389222965504,PEPSI,Fe I,6716.24,4.58,-1.78,77.3
4596318389222965504,PEPSI,Fe I,6725.35,4.1,-2.29,55.1
4596318389222965504,PEPSI,Fe I,6726.67,4.61,-1.09,83.4
4596318389222965504,PEPSI,Fe I,6733.15,4.64,-1.47,63.1
4596318389222965504,PEPSI,Fe I,6739.52,1.56,-4.96,69.0
4596318389222965504,PEPSI,Fe II,6084.11,3.2,-3.9,38.2
4596318389222965504,PEPSI,Fe II,6149.26,3.89,-2.77,37.6
4596318389222965504,PEPSI,Fe II,6247.56,3.89,-2.39,44.0
4596318389222965504,PEPSI,Fe II,6369.46,2.89,-4.17,19.3
4596318389222965504,PEPSI,Fe II,6432.68,2.89,-3.6,37.4
4596318389222965504,PEPSI,Fe II,6456.38,3.9,-2.17,53.7
4596318389222965504,PEPSI,Fe II,6516.08,2.89,-3.33,91.3
4607078038213603712,PEPSI,Fe I,5522.45,4.21,-1.49,87.8
4607078038213603712,PEPSI,Fe I,5546.51,4.37,-1.18,131.2
4607078038213603712,PEPSI,Fe I,5560.21,4.43,-1.14,92.5
4607078038213603712,PEPSI,Fe I,5577.02,5.03,-1.61,60.2
4607078038213603712,PEPSI,Fe I,5618.63,4.21,-1.39,94.5
4607078038213603712,PEPSI,Fe I,5701.55,2.56,-2.22,177.5
4607078038213603712,PEPSI,Fe I,5705.47,4.3,-1.52,85.9
4607078038213603712,PEPSI,Fe I,5741.85,4.26,-1.71,80.8
4607078038213603712,PEPSI,Fe I,5753.13,4.26,-0.77,116.4
4607078038213603712,PEPSI,Fe I,5775.08,4.22,-1.16,110.5
4607078038213603712,PEPSI,Fe I,5778.46,2.59,-3.57,101.5
4607078038213603712,PEPSI,Fe I,5809.22,3.88,-1.73,121.4
4607078038213603712,PEPSI,Fe I,5849.69,3.69,-3.14,54.0
4607078038213603712,PEPSI,Fe I,5852.22,4.55,-1.24,137.2
4607078038213603712,PEPSI,Fe I,5855.08,4.61,-1.6,63.6
4607078038213603712,PEPSI,Fe I,5858.78,4.22,-2.17,47.1
4607078038213603712,PEPSI,Fe I,5861.11,4.28,-2.51,41.6
4607078038213603712,PEPSI,Fe I,6079.01,4.65,-1.06,97.6
4607078038213603712,PEPSI,Fe I,6093.64,4.61,-1.39,78.3
4607078038213603712,PEPSI,Fe I,6151.62,2.18,-3.36,135.4
4607078038213603712,PEPSI,Fe I,6157.73,4.07,-1.38,152.8
4607078038213603712,PEPSI,Fe I,6159.38,4.61,-1.99,59.8
4607078038213603712,PEPSI,Fe I,6165.37,4.14,-1.55,101.6
4607078038213603712,PEPSI,Fe I,6173.34,2.22,-2.9,171.9
4607078038213603712,PEPSI,Fe I,6180.2,2.73,-2.62,175.0
4607078038213603712,PEPSI,Fe I,6187.99,3.94,-1.73,107.0
4607078038213603712,PEPSI,Fe I,6200.31,2.61,-2.43,165.1
4607078038213603712,PEPSI,Fe I,6270.23,2.86,-2.63,131.0
4607078038213603712,PEPSI,Fe I,6297.79,2.22,-2.83,179.0
4607078038213603712,PEPSI,Fe I,6311.5,2.83,-3.09,157.1
4607078038213603712,PEPSI,Fe I,6322.69,2.59,-2.37,169.3
4607078038213603712,PEPSI,Fe I,6380.74,4.19,-1.38,136.4
4607078038213603712,PEPSI,Fe I,6436.41,4.19,-2.38,73.6
4607078038213603712,PEPSI,Fe I,6481.87,2.28,-2.98,178.9
4607078038213603712,PEPSI,Fe I,6569.22,4.73,-0.61,165.1
4607078038213603712,PEPSI,Fe I,6574.23,0.99,-4.99,140.1
4607078038213603712,PEPSI,Fe I,6593.87,2.43,-2.44,188.7
4607078038213603712,PEPSI,Fe I,6597.56,4.79,-1.01,83.6
4607078038213603712,PEPSI,Fe I,6627.54,4.55,-1.53,91.4
4607078038213603712,PEPSI,Fe I,6646.93,2.61,-4.05,99.8
4607078038213603712,PEPSI,Fe I,6653.85,4.14,-2.52,50.3
4607078038213603712,PEPSI,Fe I,6699.14,4.59,-2.15,43.1
4607078038213603712,PEPSI,Fe I,6703.57,2.76,-3.06,124.1
4607078038213603712,PEPSI,Fe I,6704.48,4.22,-2.6,32.4
4607078038213603712,PEPSI,Fe I,6710.32,1.48,-4.9,145.8
4607078038213603712,PEPSI,Fe I,6713.77,4.79,-1.49,66.5
4607078038213603712,PEPSI,Fe I,6716.24,4.58,-1.78,104.7
4607078038213603712,PEPSI,Fe I,6725.35,4.1,-2.29,65.5
4607078038213603712,PEPSI,Fe I,6726.67,4.61,-1.09,96.1
4607078038213603712,PEPSI,Fe I,6733.15,4.64,-1.47,73.3
4607078038213603712,PEPSI,Fe I,6739.52,1.56,-4.96,82.2
4607078038213603712,PEPSI,Fe II,6084.11,3.2,-3.9,56.0
4607078038213603712,PEPSI,Fe II,6149.26,3.89,-2.77,53.5
4607078038213603712,PEPSI,Fe II,6247.56,3.89,-2.39,67.4
4607078038213603712,PEPSI,Fe II,6369.46,2.89,-4.17,34.0
4607078038213603712,PEPSI,Fe II,6432.68,2.89,-3.6,60.3
4607078038213603712,PEPSI,Fe II,6456.38,3.9,-2.17,77.6
4607078038213603712,PEPSI,Fe II,6516.08,2.89,-3.33,122.0
2085055993420266624,HIRES,Fe I,5522.45,4.21,-1.49,63.5
2085055993420266624,HIRES,Fe I,5546.51,4.37,-1.18,77.1
2085055993420266624,HIRES,Fe I,5560.21,4.43,-1.14,73.8
2085055993420266624,HIRES,Fe I,5577.02,5.03,-1.61,22.7
2085055993420266624,HIRES,Fe I,5618.63,4.21,-1.39,69.5
2085055993420266624,HIRES,Fe I,5619.61,4.39,-1.51,60.5
2085055993420266624,HIRES,Fe I,5635.83,4.26,-1.65,51.3
2085055993420266624,HIRES,Fe I,5638.26,4.22,-0.83,100.9
2085055993420266624,HIRES,Fe I,5651.48,4.47,-1.86,36.6
2085055993420266624,HIRES,Fe I,5652.33,4.26,-1.81,47.9
2085055993420266624,HIRES,Fe I,5661.35,4.28,-1.91,38.0
2085055993420266624,HIRES,Fe I,5679.02,4.65,-0.84,82.6
2085055993420266624,HIRES,Fe I,5701.55,2.56,-2.22,109.0
2085055993420266624,HIRES,Fe I,5705.47,4.3,-1.52,60.5
2085055993420266624,HIRES,Fe I,5741.85,4.26,-1.71,55.3
2085055993420266624,HIRES,Fe I,5753.13,4.26,-0.77,97.5
2085055993420266624,HIRES,Fe I,5775.08,4.22,-1.16,83.9
2085055993420266624,HIRES,Fe I,5778.46,2.59,-3.57,44.0
2085055993420266624,HIRES,Fe I,5809.22,3.88,-1.73,79.2
2085055993420266624,HIRES,Fe I,5849.69,3.69,-3.14,18.7
2085055993420266624,HIRES,Fe I,5852.22,4.55,-1.24,68.3
2085055993420266624,HIRES,Fe I,5855.08,4.61,-1.6,43.8
2085055993420266624,HIRES,Fe I,5858.78,4.22,-2.17,25.1
2085055993420266624,HIRES,Fe I,5861.11,4.28,-2.51,19.8
2085055993420266624,HIRES,Fe I,5905.67,4.65,-0.87,80.9
2085055993420266624,HIRES,Fe I,5934.65,3.93,-1.26,104.2
2085055993420266624,HIRES,Fe I,5956.69,0.86,-4.59,77.5
2085055993420266624,HIRES,Fe II,5991.38,3.15,-3.63,60.8
2085055993420266624,HIRES,Fe I,6027.05,4.08,-1.23,89.1
2085055993420266624,HIRES,Fe I,6054.07,4.37,-2.31,21.8
2085055993420266624,HIRES,Fe I,6079.01,4.65,-1.06,70.9
2085055993420266624,HIRES,Fe I,6082.71,2.22,-3.61,66.0
2085055993420266624,HIRES,Fe II,6084.11,3.2,-3.9,42.3
2085055993420266624,HIRES,Fe I,6093.64,4.61,-1.39,59.6
2085055993420266624,HIRES,Fe II,6113.33,3.22,-4.22,53.5
2085055993420266624,HIRES,Fe I,6127.9,4.14,-1.43,80.1
2085055993420266624,HIRES,Fe II,6149.26,3.89,-2.77,58.9
2085055993420266624,HIRES,Fe I,6151.62,2.18,-3.36,75.1
2085055993420266624,HIRES,Fe I,6157.73,4.07,-1.38,88.7
2085055993420266624,HIRES,Fe I,6159.38,4.61,-1.99,27.3
2085055993420266624,HIRES,Fe I,6165.37,4.14,-1.55,67.4
2085055993420266624,HIRES,Fe I,6170.51,4.79,-0.46,124.0
2085055993420266624,HIRES,Fe I,6173.34,2.22,-2.9,95.5
2085055993420266624,HIRES,Fe I,6180.2,2.73,-2.62,96.9
2085055993420266624,HIRES,Fe I,6187.99,3.94,-1.73,71.2
2085055993420266624,HIRES,Fe I,6200.31,2.61,-2.43,135.6
2085055993420266624,HIRES,Fe I,6213.43,2.22,-2.64,109.8
2085055993420266624,HIRES,Fe I,6219.28,2.2,-2.51,123.8
2085055993420266624,HIRES,Fe I,6220.78,3.88,-2.38,40.3
2085055993420266624,HIRES,Fe I,6226.74,3.88,-2.16,54.4
2085055993420266624,HIRES,Fe I,6229.23,2.84,-2.92,68.4
2085055993420266624,HIRES,Fe I,6240.65,2.22,-3.36,73.3
2085055993420266624,HIRES,Fe II,6247.56,3.89,-2.39,82.3
2085055993420266624,HIRES,Fe I,6265.13,2.18,-2.56,114.8
2085055993420266624,HIRES,Fe I,6270.23,2.86,-2.63,79.8
2085055993420266624,HIRES,Fe I,6297.79,2.22,-2.83,102.6
2085055993420266624,HIRES,Fe I,6311.5,2.83,-3.09,87.2
2085055993420266624,HIRES,Fe I,6315.81,4.07,-1.73,59.7
2085055993420266624,HIRES,Fe I,6322.69,2.59,-2.37,106.1
2085055993420266624,HIRES,Fe II,6369.46,2.89,-4.17,38.3
2085055993420266624,HIRES,Fe I,6380.74,4.19,-1.38,78.4
2085055993420266624,HIRES,Fe I,6392.54,2.28,-4.06,33.7
2085055993420266624,HIRES,Fe I,6419.95,4.73,-0.38,133.2
2085055993420266624,HIRES,Fe I,6569.22,4.73,-0.61,100.3
2085055993420266624,HIRES,Fe I,6574.23,0.99,-4.99,53.5
2085055993420266624,HIRES,Fe I,6593.87,2.43,-2.44,113.9
2085055993420266624,HIRES,Fe I,6597.56,4.79,-1.01,69.4
2085055993420266624,HIRES,Fe I,6608.02,2.28,-4.03,36.3
2085055993420266624,HIRES,Fe I,6625.02,1.01,-5.31,40.4
2085055993420266624,HIRES,Fe I,6627.54,4.55,-1.53,51.6
2085055993420266624,HIRES,Fe I,6646.93,2.61,-4.05,24.5
2085055993420266624,HIRES,Fe I,6653.85,4.14,-2.52,25.9
2085055993420266624,HIRES,Fe I,6696.32,2.68,-3.73,131.4
2085055993420266624,HIRES,Fe I,6699.14,4.59,-2.15,21.6
2085055993420266624,HIRES,Fe I,6703.57,2.76,-3.06,63.8
2085055993420266624,HIRES,Fe I,6704.48,4.22,-2.6,17.3
2085055993420266624,HIRES,Fe I,6710.32,1.48,-4.9,36.6
2085055993420266624,HIRES,Fe I,6713.77,4.79,-1.49,41.5
2085055993420266624,HIRES,Fe I,6716.24,4.58,-1.78,36.5
2085055993420266624,HIRES,Fe I,6725.35,4.1,-2.29,38.3
2085055993420266624,HIRES,Fe I,6726.67,4.61,-1.09,73.5
2085055993420266624,HIRES,Fe I,6733.15,4.64,-1.47,47.7
2085055993420266624,HIRES,Fe I,6739.52,1.56,-4.96,26.7
2134294185689376512,APF,Fe I,5522.45,4.21,-1.49,75.3
2134294185689376512,APF,Fe I,5546.51,4.37,-1.18,86.1
2134294185689376512,APF,Fe I,5560.21,4.43,-1.14,77.6
2134294185689376512,APF,Fe I,5577.02,5.03,-1.61,39.8
2134294185689376512,APF,Fe I,5618.63,4.21,-1.39,74.4
2134294185689376512,APF,Fe I,5619.61,4.39,-1.51,74.2
2134294185689376512,APF,Fe I,5635.83,4.26,-1.65,56.5
2134294185689376512,APF,Fe I,5638.26,4.22,-0.83,111.5
2134294185689376512,APF,Fe I,5661.35,4.28,-1.91,46.4
2134294185689376512,APF,Fe I,5679.02,4.65,-0.84,94.6
2134294185689376512,APF,Fe I,5701.55,2.56,-2.22,126.2
2134294185689376512,APF,Fe I,5705.47,4.3,-1.52,75.1
2134294185689376512,APF,Fe I,5741.85,4.26,-1.71,62.7
2134294185689376512,APF,Fe I,5753.13,4.26,-0.77,107.6
2134294185689376512,APF,Fe I,5775.08,4.22,-1.16,89.8
2134294185689376512,APF,Fe I,5778.46,2.59,-3.57,59.9
2134294185689376512,APF,Fe I,5809.22,3.88,-1.73,88.9
2134294185689376512,APF,Fe I,5849.69,3.69,-3.14,28.2
2134294185689376512,APF,Fe I,5852.22,4.55,-1.24,78.8
2134294185689376512,APF,Fe I,5855.08,4.61,-1.6,54.6
2134294185689376512,APF,Fe I,5905.67,4.65,-0.87,89.6
2134294185689376512,APF,Fe I,5956.69,0.86,-4.59,90.6
2134294185689376512,APF,Fe II,5991.38,3.15,-3.63,67.2
2134294185689376512,APF,Fe I,6027.05,4.08,-1.23,98.1
2134294185689376512,APF,Fe I,6054.07,4.37,-2.31,31.4
2134294185689376512,APF,Fe I,6079.01,4.65,-1.06,79.8
2134294185689376512,APF,Fe I,6082.71,2.22,-3.61,74.6
2134294185689376512,APF,Fe II,6084.11,3.2,-3.9,44.7
2134294185689376512,APF,Fe I,6127.9,4.14,-1.43,87.3
2134294185689376512,APF,Fe II,6149.26,3.89,-2.77,55.2
2134294185689376512,APF,Fe I,6151.62,2.18,-3.36,89.4
2134294185689376512,APF,Fe I,6157.73,4.07,-1.38,105.9
2134294185689376512,APF,Fe I,6159.38,4.61,-1.99,35.8
2134294185689376512,APF,Fe I,6165.37,4.14,-1.55,77.6
2134294185689376512,APF,Fe I,6180.2,2.73,-2.62,113.9
2134294185689376512,APF,Fe I,6187.99,3.94,-1.73,80.5
2134294185689376512,APF,Fe I,6200.31,2.61,-2.43,115.7
2134294185689376512,APF,Fe I,6213.43,2.22,-2.64,122.6
2134294185689376512,APF,Fe I,6219.28,2.2,-2.51,129.7
2134294185689376512,APF,Fe I,6220.78,3.88,-2.38,49.0
2134294185689376512,APF,Fe I,6226.74,3.88,-2.16,62.0
2134294185689376512,APF,Fe I,6229.23,2.84,-2.92,70.8
2134294185689376512,APF,Fe II,6247.56,3.89,-2.39,70.1
2134294185689376512,APF,Fe I,6265.13,2.18,-2.56,133.1
2134294185689376512,APF,Fe I,6270.23,2.86,-2.63,91.7
2134294185689376512,APF,Fe I,6297.79,2.22,-2.83,111.5
2134294185689376512,APF,Fe I,6311.5,2.83,-3.09,66.9
2134294185689376512,APF,Fe I,6315.81,4.07,-1.73,78.3
2134294185689376512,APF,Fe I,6322.69,2.59,-2.37,127.3
2134294185689376512,APF,Fe II,6369.46,2.89,-4.17,37.0
2134294185689376512,APF,Fe I,6380.74,4.19,-1.38,93.3
2134294185689376512,APF,Fe I,6392.54,2.28,-4.06,53.0
2134294185689376512,APF,Fe I,6419.95,4.73,-0.38,124.0
2134294185689376512,APF,Fe I,6436.41,4.19,-2.38,46.3
2134294185689376512,APF,Fe II,6456.38,3.9,-2.17,82.7
2134294185689376512,APF,Fe I,6481.87,2.28,-2.98,116.9
2134294185689376512,APF,Fe I,6569.22,4.73,-0.61,112.8
2134294185689376512,APF,Fe I,6574.23,0.99,-4.99,75.7
2134294185689376512,APF,Fe I,6593.87,2.43,-2.44,122.3
2134294185689376512,APF,Fe I,6597.56,4.79,-1.01,78.5
2134294185689376512,APF,Fe I,6625.02,1.01,-5.31,65.0
2134294185689376512,APF,Fe I,6627.54,4.55,-1.53,61.2
2134294185689376512,APF,Fe I,6646.93,2.61,-4.05,52.0
2134294185689376512,APF,Fe I,6653.85,4.14,-2.52,32.4
2134294185689376512,APF,Fe I,6716.24,4.58,-1.78,46.1
2134294185689376512,APF,Fe I,6725.35,4.1,-2.29,52.4
2134294185689376512,APF,Fe I,6726.67,4.61,-1.09,75.3
2134294185689376512,APF,Fe I,6733.15,4.64,-1.47,53.8
2134294185689376512,APF,Fe I,6739.52,1.56,-4.96,37.8
4267387391205504256,APF,Fe I,5522.45,4.21,-1.49,62.7
4267387391205504256,APF,Fe I,5546.51,4.37,-1.18,72.8
4267387391205504256,APF,Fe I,5560.21,4.43,-1.14,69.9
4267387391205504256,APF,Fe I,5577.02,5.03,-1.61,23.2
4267387391205504256,APF,Fe I,5618.63,4.21,-1.39,66.5
4267387391205504256,APF,Fe I,5619.61,4.39,-1.51,61.0
4267387391205504256,APF,Fe I,5635.83,4.26,-1.65,48.6
4267387391205504256,APF,Fe I,5638.26,4.22,-0.83,98.8
4267387391205504256,APF,Fe I,5661.35,4.28,-1.91,37.5
4267387391205504256,APF,Fe I,5679.02,4.65,-0.84,79.6
4267387391205504256,APF,Fe I,5701.55,2.56,-2.22,106.1
4267387391205504256,APF,Fe I,5705.47,4.3,-1.52,61.6
4267387391205504256,APF,Fe I,5741.85,4.26,-1.71,52.1
4267387391205504256,APF,Fe I,5753.13,4.26,-0.77,98.8
4267387391205504256,APF,Fe I,5775.08,4.22,-1.16,82.8
4267387391205504256,APF,Fe I,5778.46,2.59,-3.57,44.1
4267387391205504256,APF,Fe I,5809.22,3.88,-1.73,76.6
4267387391205504256,APF,Fe I,5849.69,3.69,-3.14,17.9
4267387391205504256,APF,Fe I,5852.22,4.55,-1.24,65.4
4267387391205504256,APF,Fe I,5855.08,4.61,-1.6,39.9
4267387391205504256,APF,Fe I,5905.67,4.65,-0.87,79.3
4267387391205504256,APF,Fe I,5956.69,0.86,-4.59,79.3
4267387391205504256,APF,Fe II,5991.38,3.15,-3.63,49.3
4267387391205504256,APF,Fe I,6027.05,4.08,-1.23,86.8
4267387391205504256,APF,Fe I,6054.07,4.37,-2.31,23.8
4267387391205504256,APF,Fe I,6079.01,4.65,-1.06,64.0
4267387391205504256,APF,Fe I,6082.71,2.22,-3.61,56.9
4267387391205504256,APF,Fe II,6084.11,3.2,-3.9,35.8
4267387391205504256,APF,Fe II,6113.33,3.22,-4.22,52.0
4267387391205504256,APF,Fe I,6127.9,4.14,-1.43,71.9
4267387391205504256,APF,Fe II,6149.26,3.89,-2.77,53.1
4267387391205504256,APF,Fe I,6151.62,2.18,-3.36,71.7
4267387391205504256,APF,Fe I,6157.73,4.07,-1.38,85.6
4267387391205504256,APF,Fe I,6159.38,4.61,-1.99,25.6
4267387391205504256,APF,Fe I,6165.37,4.14,-1.55,65.3
4267387391205504256,APF,Fe I,6180.2,2.73,-2.62,87.2
4267387391205504256,APF,Fe I,6187.99,3.94,-1.73,70.1
4267387391205504256,APF,Fe I,6200.31,2.61,-2.43,99.2
4267387391205504256,APF,Fe I,6213.43,2.22,-2.64,102.8
4267387391205504256,APF,Fe I,6219.28,2.2,-2.51,114.0
4267387391205504256,APF,Fe I,6220.78,3.88,-2.38,37.0
4267387391205504256,APF,Fe I,6226.74,3.88,-2.16,54.2
4267387391205504256,APF,Fe I,6229.23,2.84,-2.92,63.8
4267387391205504256,APF,Fe I,6240.65,2.22,-3.36,73.2
4267387391205504256,APF,Fe II,6247.56,3.89,-2.39,69.8
4267387391205504256,APF,Fe I,6265.13,2.18,-2.56,116.4
4267387391205504256,APF,Fe I,6270.23,2.86,-2.63,76.3
4267387391205504256,APF,Fe I,6297.79,2.22,-2.83,96.1
4267387391205504256,APF,Fe I,6311.5,2.83,-3.09,54.8
4267387391205504256,APF,Fe I,6315.81,4.07,-1.73,62.6
4267387391205504256,APF,Fe I,6322.69,2.59,-2.37,105.2
4267387391205504256,APF,Fe II,6369.46,2.89,-4.17,32.4
4267387391205504256,APF,Fe I,6380.74,4.19,-1.38,77.8
4267387391205504256,APF,Fe I,6392.54,2.28,-4.06,35.5
4267387391205504256,APF,Fe I,6419.95,4.73,-0.38,112.2
4267387391205504256,APF,Fe I,6436.41,4.19,-2.38,24.4
4267387391205504256,APF,Fe II,6456.38,3.9,-2.17,76.3
4267387391205504256,APF,Fe I,6481.87,2.28,-2.98,94.2
4267387391205504256,APF,Fe I,6569.22,4.73,-0.61,98.8
4267387391205504256,APF,Fe I,6574.23,0.99,-4.99,47.2
4267387391205504256,APF,Fe I,6593.87,2.43,-2.44,111.1
4267387391205504256,APF,Fe I,6597.56,4.79,-1.01,63.9
4267387391205504256,APF,Fe I,6625.02,1.01,-5.31,42.4
4267387391205504256,APF,Fe I,6627.54,4.55,-1.53,56.4
4267387391205504256,APF,Fe I,6646.93,2.61,-4.05,23.5
4267387391205504256,APF,Fe I,6653.85,4.14,-2.52,27.8
4267387391205504256,APF,Fe I,6716.24,4.58,-1.78,34.1
4267387391205504256,APF,Fe I,6725.35,4.1,-2.29,43.1
4267387391205504256,APF,Fe I,6726.67,4.61,-1.09,67.8
4267387391205504256,APF,Fe I,6733.15,4.64,-1.47,60.5
4267387391205504256,APF,Fe I,6739.52,1.56,-4.96,29.4
2759121045748142848,HIRES,Fe I,5522.45,4.21,-1.49,60.0
2759121045748142848,HIRES,Fe I,5546.51,4.37,-1.18,74.0
2759121045748142848,HIRES,Fe I,5560.21,4.43,-1.14,67.2
2759121045748142848,HIRES,Fe I,5577.02,5.03,-1.61,19.8
2759121045748142848,HIRES,Fe I,5618.63,4.21,-1.39,65.9
2759121045748142848,HIRES,Fe I,5619.61,4.39,-1.51,58.3
2759121045748142848,HIRES,Fe I,5635.83,4.26,-1.65,45.4
2759121045748142848,HIRES,Fe I,5638.26,4.22,-0.83,98.9
2759121045748142848,HIRES,Fe I,5651.48,4.47,-1.86,32.1
2759121045748142848,HIRES,Fe I,5652.33,4.26,-1.81,44.7
2759121045748142848,HIRES,Fe I,5661.35,4.28,-1.91,34.4
2759121045748142848,HIRES,Fe I,5679.02,4.65,-0.84,78.4
2759121045748142848,HIRES,Fe I,5701.55,2.56,-2.22,105.3
2759121045748142848,HIRES,Fe I,5705.47,4.3,-1.52,59.0
2759121045748142848,HIRES,Fe I,5741.85,4.26,-1.71,51.7
2759121045748142848,HIRES,Fe I,5753.13,4.26,-0.77,93.3
2759121045748142848,HIRES,Fe I,5775.08,4.22,-1.16,81.7
2759121045748142848,HIRES,Fe I,5778.46,2.59,-3.57,40.0
2759121045748142848,HIRES,Fe I,5809.22,3.88,-1.73,74.9
2759121045748142848,HIRES,Fe I,5849.69,3.69,-3.14,15.8
2759121045748142848,HIRES,Fe I,5852.22,4.55,-1.24,63.5
2759121045748142848,HIRES,Fe I,5855.08,4.61,-1.6,40.5
2759121045748142848,HIRES,Fe I,5858.78,4.22,-2.17,21.7
2759121045748142848,HIRES,Fe I,5861.11,4.28,-2.51,16.2
2759121045748142848,HIRES,Fe I,5905.67,4.65,-0.87,77.4
2759121045748142848,HIRES,Fe I,5934.65,3.93,-1.26,100.2
2759121045748142848,HIRES,Fe I,5956.69,0.86,-4.59,72.5
2759121045748142848,HIRES,Fe II,5991.38,3.15,-3.63,53.0
2759121045748142848,HIRES,Fe I,6027.05,4.08,-1.23,84.2
2759121045748142848,HIRES,Fe I,6054.07,4.37,-2.31,20.4
2759121045748142848,HIRES,Fe I,6079.01,4.65,-1.06,66.2
2759121045748142848,HIRES,Fe I,6082.71,2.22,-3.61,59.2
2759121045748142848,HIRES,Fe II,6084.11,3.2,-3.9,36.9
2759121045748142848,HIRES,Fe I,6093.64,4.61,-1.39,55.8
2759121045748142848,HIRES,Fe II,6113.33,3.22,-4.22,45.2
2759121045748142848,HIRES,Fe I,6127.9,4.14,-1.43,74.7
2759121045748142848,HIRES,Fe II,6149.26,3.89,-2.77,52.3
2759121045748142848,HIRES,Fe I,6151.62,2.18,-3.36,70.9
2759121045748142848,HIRES,Fe I,6157.73,4.07,-1.38,83.4
2759121045748142848,HIRES,Fe I,6159.38,4.61,-1.99,24.8
2759121045748142848,HIRES,Fe I,6165.37,4.14,-1.55,62.7
2759121045748142848,HIRES,Fe I,6170.51,4.79,-0.46,117.6
2759121045748142848,HIRES,Fe I,6173.34,2.22,-2.9,90.8
2759121045748142848,HIRES,Fe I,6180.2,2.73,-2.62,87.1
2759121045748142848,HIRES,Fe I,6187.99,3.94,-1.73,66.1
2759121045748142848,HIRES,Fe I,6200.31,2.61,-2.43,82.4
2759121045748142848,HIRES,Fe I,6213.43,2.22,-2.64,102.8
2759121045748142848,HIRES,Fe I,6219.28,2.2,-2.51,112.4
2759121045748142848,HIRES,Fe I,6220.78,3.88,-2.38,36.6
2759121045748142848,HIRES,Fe I,6226.74,3.88,-2.16,49.9
2759121045748142848,HIRES,Fe I,6229.23,2.84,-2.92,63.0
2759121045748142848,HIRES,Fe I,6240.65,2.22,-3.36,68.8
2759121045748142848,HIRES,Fe II,6247.56,3.89,-2.39,71.3
2759121045748142848,HIRES,Fe I,6265.13,2.18,-2.56,111.0
2759121045748142848,HIRES,Fe I,6270.23,2.86,-2.63,73.7
2759121045748142848,HIRES,Fe I,6297.79,2.22,-2.83,96.3
2759121045748142848,HIRES,Fe I,6311.5,2.83,-3.09,67.0
2759121045748142848,HIRES,Fe I,6315.81,4.07,-1.73,57.6
2759121045748142848,HIRES,Fe I,6322.69,2.59,-2.37,103.1
2759121045748142848,HIRES,Fe II,6369.46,2.89,-4.17,32.8
2759121045748142848,HIRES,Fe I,6380.74,4.19,-1.38,74.8
2759121045748142848,HIRES,Fe I,6392.54,2.28,-4.06,29.7
2759121045748142848,HIRES,Fe I,6419.95,4.73,-0.38,126.6
2759121045748142848,HIRES,Fe I,6569.22,4.73,-0.61,97.8
2759121045748142848,HIRES,Fe I,6574.23,0.99,-4.99,48.7
2759121045748142848,HIRES,Fe I,6593.87,2.43,-2.44,108.0
2759121045748142848,HIRES,Fe I,6597.56,4.79,-1.01,63.3
2759121045748142848,HIRES,Fe I,6608.02,2.28,-4.03,32.1
2759121045748142848,HIRES,Fe I,6625.02,1.01,-5.31,35.4
2759121045748142848,HIRES,Fe I,6627.54,4.55,-1.53,48.8
2759121045748142848,HIRES,Fe I,6646.93,2.61,-4.05,22.6
2759121045748142848,HIRES,Fe I,6653.85,4.14,-2.52,22.6
2759121045748142848,HIRES,Fe I,6696.32,2.68,-3.73,123.4
2759121045748142848,HIRES,Fe I,6699.14,4.59,-2.15,16.2
2759121045748142848,HIRES,Fe I,6703.57,2.76,-3.06,59.9
2759121045748142848,HIRES,Fe I,6704.48,4.22,-2.6,13.9
2759121045748142848,HIRES,Fe I,6710.32,1.48,-4.9,33.9
2759121045748142848,HIRES,Fe I,6713.77,4.79,-1.49,36.7
2759121045748142848,HIRES,Fe I,6716.24,4.58,-1.78,28.9
2759121045748142848,HIRES,Fe I,6725.35,4.1,-2.29,33.9
2759121045748142848,HIRES,Fe I,6726.67,4.61,-1.09,69.0
2759121045748142848,HIRES,Fe I,6733.15,4.64,-1.47,44.9
2759121045748142848,HIRES,Fe I,6739.52,1.56,-4.96,21.5
1810432623428484992,APF,Fe I,5522.45,4.21,-1.49,50.3
1810432623428484992,APF,Fe I,5546.51,4.37,-1.18,75.6
1810432623428484992,APF,Fe I,5560.21,4.43,-1.14,68.1
1810432623428484992,APF,Fe I,5618.63,4.21,-1.39,66.0
1810432623428484992,APF,Fe I,5619.61,4.39,-1.51,48.5
1810432623428484992,APF,Fe I,5635.83,4.26,-1.65,42.1
1810432623428484992,APF,Fe I,5638.26,4.22,-0.83,98.1
1810432623428484992,APF,Fe I,5661.35,4.28,-1.91,20.9
1810432623428484992,APF,Fe I,5679.02,4.65,-0.84,77.8
1810432623428484992,APF,Fe I,5701.55,2.56,-2.22,101.2
1810432623428484992,APF,Fe I,5705.47,4.3,-1.52,48.1
1810432623428484992,APF,Fe I,5741.85,4.26,-1.71,44.2
1810432623428484992,APF,Fe I,5753.13,4.26,-0.77,92.5
1810432623428484992,APF,Fe I,5775.08,4.22,-1.16,79.2
1810432623428484992,APF,Fe I,5778.46,2.59,-3.57,28.5
1810432623428484992,APF,Fe I,5809.22,3.88,-1.73,67.5
1810432623428484992,APF,Fe I,5852.22,4.55,-1.24,55.4
1810432623428484992,APF,Fe I,5855.08,4.61,-1.6,28.9
1810432623428484992,APF,Fe I,5905.67,4.65,-0.87,80.9
1810432623428484992,APF,Fe I,5956.69,0.86,-4.59,48.7
1810432623428484992,APF,Fe II,5991.38,3.15,-3.63,98.7
1810432623428484992,APF,Fe I,6027.05,4.08,-1.23,88.1
1810432623428484992,APF,Fe I,6079.01,4.65,-1.06,66.2
1810432623428484992,APF,Fe I,6082.71,2.22,-3.61,48.4
1810432623428484992,APF,Fe II,6084.11,3.2,-3.9,67.5
1810432623428484992,APF,Fe II,6113.33,3.22,-4.22,74.6
1810432623428484992,APF,Fe I,6127.9,4.14,-1.43,66.8
1810432623428484992,APF,Fe II,6149.26,3.89,-2.77,101.1
1810432623428484992,APF,Fe I,6151.62,2.18,-3.36,58.2
1810432623428484992,APF,Fe I,6157.73,4.07,-1.38,83.3
1810432623428484992,APF,Fe I,6159.38,4.61,-1.99,14.9
1810432623428484992,APF,Fe I,6165.37,4.14,-1.55,61.6
1810432623428484992,APF,Fe I,6180.2,2.73,-2.62,88.8
1810432623428484992,APF,Fe I,6187.99,3.94,-1.73,62.1
1810432623428484992,APF,Fe I,6200.31,2.61,-2.43,95.7
1810432623428484992,APF,Fe I,6213.43,2.22,-2.64,103.4
1810432623428484992,APF,Fe I,6219.28,2.2,-2.51,106.9
1810432623428484992,APF,Fe I,6220.78,3.88,-2.38,30.2
1810432623428484992,APF,Fe I,6226.74,3.88,-2.16,41.9
1810432623428484992,APF,Fe I,6229.23,2.84,-2.92,55.8
1810432623428484992,APF,Fe I,6240.65,2.22,-3.36,65.9
1810432623428484992,APF,Fe II,6247.56,3.89,-2.39,138.3
1810432623428484992,APF,Fe I,6265.13,2.18,-2.56,113.1
1810432623428484992,APF,Fe I,6270.23,2.86,-2.63,97.4
1810432623428484992,APF,Fe I,6297.79,2.22,-2.83,95.5
1810432623428484992,APF,Fe I,6311.5,2.83,-3.09,74.6
1810432623428484992,APF,Fe I,6315.81,4.07,-1.73,50.8
1810432623428484992,APF,Fe I,6322.69,2.59,-2.37,98.3
1810432623428484992,APF,Fe II,6369.46,2.89,-4.17,66.6
1810432623428484992,APF,Fe I,6380.74,4.19,-1.38,77.4
1810432623428484992,APF,Fe I,6392.54,2.28,-4.06,13.5
1810432623428484992,APF,Fe I,6419.95,4.73,-0.38,124.3
1810432623428484992,APF,Fe I,6436.41,4.19,-2.38,17.4
1810432623428484992,APF,Fe II,6456.38,3.9,-2.17,138.7
1810432623428484992,APF,Fe I,6481.87,2.28,-2.98,124.1
1810432623428484992,APF,Fe I,6569.22,4.73,-0.61,83.7
1810432623428484992,APF,Fe I,6574.23,0.99,-4.99,22.5
1810432623428484992,APF,Fe I,6593.87,2.43,-2.44,103.0
1810432623428484992,APF,Fe I,6597.56,4.79,-1.01,57.6
1810432623428484992,APF,Fe I,6625.02,1.01,-5.31,11.0
1810432623428484992,APF,Fe I,6627.54,4.55,-1.53,26.4
1810432623428484992,APF,Fe I,6646.93,2.61,-4.05,28.6
1810432623428484992,APF,Fe I,6653.85,4.14,-2.52,31.5
1810432623428484992,APF,Fe I,6716.24,4.58,-1.78,33.1
1810432623428484992,APF,Fe I,6725.35,4.1,-2.29,38.1
1810432623428484992,APF,Fe I,6726.67,4.61,-1.09,53.5
1810432623428484992,APF,Fe I,6733.15,4.64,-1.47,45.8
1810432623428484992,APF,Fe I,6739.52,1.56,-4.96,11.9
2241587416547315584,APF,Fe I,5522.45,4.21,-1.49,58.2
2241587416547315584,APF,Fe I,5546.51,4.37,-1.18,85.1
2241587416547315584,APF,Fe I,5560.21,4.43,-1.14,68.7
2241587416547315584,APF,Fe I,5618.63,4.21,-1.39,61.6
2241587416547315584,APF,Fe I,5619.61,4.39,-1.51,49.8
2241587416547315584,APF,Fe I,5635.83,4.26,-1.65,45.9
2241587416547315584,APF,Fe I,5638.26,4.22,-0.83,102.2
2241587416547315584,APF,Fe I,5661.35,4.28,-1.91,19.6
2241587416547315584,APF,Fe I,5679.02,4.65,-0.84,79.5
2241587416547315584,APF,Fe I,5701.55,2.56,-2.22,123.1
2241587416547315584,APF,Fe I,5705.47,4.3,-1.52,63.3
2241587416547315584,APF,Fe I,5741.85,4.26,-1.71,47.1
2241587416547315584,APF,Fe I,5753.13,4.26,-0.77,93.4
2241587416547315584,APF,Fe I,5775.08,4.22,-1.16,77.4
2241587416547315584,APF,Fe I,5778.46,2.59,-3.57,34.1
2241587416547315584,APF,Fe I,5809.22,3.88,-1.73,75.2
2241587416547315584,APF,Fe I,5849.69,3.69,-3.14,21.6
2241587416547315584,APF,Fe I,5852.22,4.55,-1.24,60.6
2241587416547315584,APF,Fe I,5855.08,4.61,-1.6,39.6
2241587416547315584,APF,Fe I,5905.67,4.65,-0.87,80.1
2241587416547315584,APF,Fe I,5956.69,0.86,-4.59,67.8
2241587416547315584,APF,Fe II,5991.38,3.15,-3.63,90.2
2241587416547315584,APF,Fe I,6027.05,4.08,-1.23,97.5
2241587416547315584,APF,Fe I,6079.01,4.65,-1.06,95.7
2241587416547315584,APF,Fe I,6082.71,2.22,-3.61,59.6
2241587416547315584,APF,Fe II,6084.11,3.2,-3.9,48.8
2241587416547315584,APF,Fe II,6113.33,3.22,-4.22,57.0
2241587416547315584,APF,Fe I,6127.9,4.14,-1.43,78.5
2241587416547315584,APF,Fe II,6149.26,3.89,-2.77,77.6
2241587416547315584,APF,Fe I,6151.62,2.18,-3.36,61.5
2241587416547315584,APF,Fe I,6157.73,4.07,-1.38,87.6
2241587416547315584,APF,Fe I,6159.38,4.61,-1.99,16.8
2241587416547315584,APF,Fe I,6165.37,4.14,-1.55,64.8
2241587416547315584,APF,Fe I,6180.2,2.73,-2.62,106.8
2241587416547315584,APF,Fe I,6187.99,3.94,-1.73,56.7
2241587416547315584,APF,Fe I,6200.31,2.61,-2.43,95.1
2241587416547315584,APF,Fe I,6213.43,2.22,-2.64,99.5
2241587416547315584,APF,Fe I,6219.28,2.2,-2.51,110.3
2241587416547315584,APF,Fe I,6220.78,3.88,-2.38,37.7
2241587416547315584,APF,Fe I,6226.74,3.88,-2.16,42.9
2241587416547315584,APF,Fe I,6229.23,2.84,-2.92,52.7
2241587416547315584,APF,Fe I,6240.65,2.22,-3.36,84.0
2241587416547315584,APF,Fe II,6247.56,3.89,-2.39,106.4
2241587416547315584,APF,Fe I,6265.13,2.18,-2.56,111.3
2241587416547315584,APF,Fe I,6270.23,2.86,-2.63,82.8
2241587416547315584,APF,Fe I,6297.79,2.22,-2.83,101.1
2241587416547315584,APF,Fe I,6311.5,2.83,-3.09,63.0
2241587416547315584,APF,Fe I,6315.81,4.07,-1.73,94.3
2241587416547315584,APF,Fe I,6322.69,2.59,-2.37,103.0
2241587416547315584,APF,Fe II,6369.46,2.89,-4.17,56.3
2241587416547315584,APF,Fe I,6380.74,4.19,-1.38,80.2
2241587416547315584,APF,Fe I,6392.54,2.28,-4.06,32.9
2241587416547315584,APF,Fe I,6419.95,4.73,-0.38,128.2
2241587416547315584,APF,Fe I,6436.41,4.19,-2.38,8.5
2241587416547315584,APF,Fe II,6456.38,3.9,-2.17,102.3
2241587416547315584,APF,Fe I,6481.87,2.28,-2.98,111.8
2241587416547315584,APF,Fe I,6569.22,4.73,-0.61,95.4
2241587416547315584,APF,Fe I,6574.23,0.99,-4.99,34.8
2241587416547315584,APF,Fe I,6593.87,2.43,-2.44,107.4
2241587416547315584,APF,Fe I,6597.56,4.79,-1.01,69.8
2241587416547315584,APF,Fe I,6625.02,1.01,-5.31,18.1
2241587416547315584,APF,Fe I,6627.54,4.55,-1.53,44.3
2241587416547315584,APF,Fe I,6634.11,4.79,-1.08,116.9
2241587416547315584,APF,Fe I,6646.93,2.61,-4.05,39.8
2241587416547315584,APF,Fe I,6653.85,4.14,-2.52,39.0
2241587416547315584,APF,Fe I,6716.24,4.58,-1.78,30.9
2241587416547315584,APF,Fe I,6725.35,4.1,-2.29,40.0
2241587416547315584,APF,Fe I,6726.67,4.61,-1.09,55.0
2241587416547315584,APF,Fe I,6733.15,4.64,-1.47,48.2
2241587416547315584,APF,Fe I,6739.52,1.56,-4.96,13.2
1969914723446419072,HIRES,Fe I,5522.45,4.21,-1.49,65.4
1969914723446419072,HIRES,Fe I,5546.51,4.37,-1.18,78.2
1969914723446419072,HIRES,Fe I,5560.21,4.43,-1.14,70.8
1969914723446419072,HIRES,Fe I,5577.02,5.03,-1.61,24.5
1969914723446419072,HIRES,Fe I,5618.63,4.21,-1.39,69.3
1969914723446419072,HIRES,Fe I,5619.61,4.39,-1.51,62.0
1969914723446419072,HIRES,Fe I,5635.83,4.26,-1.65,51.2
1969914723446419072,HIRES,Fe I,5638.26,4.22,-0.83,103.8
1969914723446419072,HIRES,Fe I,5651.48,4.47,-1.86,35.7
1969914723446419072,HIRES,Fe I,5652.33,4.26,-1.81,49.2
1969914723446419072,HIRES,Fe I,5661.35,4.28,-1.91,38.5
1969914723446419072,HIRES,Fe I,5679.02,4.65,-0.84,82.0
1969914723446419072,HIRES,Fe I,5701.55,2.56,-2.22,111.3
1969914723446419072,HIRES,Fe I,5705.47,4.3,-1.52,59.7
1969914723446419072,HIRES,Fe I,5741.85,4.26,-1.71,55.5
1969914723446419072,HIRES,Fe I,5753.13,4.26,-0.77,100.7
1969914723446419072,HIRES,Fe I,5775.08,4.22,-1.16,82.6
1969914723446419072,HIRES,Fe I,5778.46,2.59,-3.57,47.4
1969914723446419072,HIRES,Fe I,5809.22,3.88,-1.73,80.9
1969914723446419072,HIRES,Fe I,5849.69,3.69,-3.14,20.7
1969914723446419072,HIRES,Fe I,5852.22,4.55,-1.24,67.6
1969914723446419072,HIRES,Fe I,5855.08,4.61,-1.6,43.2
1969914723446419072,HIRES,Fe I,5858.78,4.22,-2.17,25.7
1969914723446419072,HIRES,Fe I,5861.11,4.28,-2.51,21.2
1969914723446419072,HIRES,Fe I,5905.67,4.65,-0.87,81.9
1969914723446419072,HIRES,Fe I,5934.65,3.93,-1.26,105.7
1969914723446419072,HIRES,Fe I,5956.69,0.86,-4.59,78.6
1969914723446419072,HIRES,Fe II,5991.38,3.15,-3.63,49.1
1969914723446419072,HIRES,Fe I,6027.05,4.08,-1.23,88.4
1969914723446419072,HIRES,Fe I,6054.07,4.37,-2.31,23.2
1969914723446419072,HIRES,Fe I,6079.01,4.65,-1.06,70.7
1969914723446419072,HIRES,Fe I,6082.71,2.22,-3.61,64.6
1969914723446419072,HIRES,Fe II,6084.11,3.2,-3.9,34.4
1969914723446419072,HIRES,Fe I,6093.64,4.61,-1.39,53.4
1969914723446419072,HIRES,Fe II,6113.33,3.22,-4.22,44.7
1969914723446419072,HIRES,Fe I,6127.9,4.14,-1.43,77.4
1969914723446419072,HIRES,Fe II,6149.26,3.89,-2.77,49.0
1969914723446419072,HIRES,Fe I,6151.62,2.18,-3.36,73.9
1969914723446419072,HIRES,Fe I,6157.73,4.07,-1.38,87.9
1969914723446419072,HIRES,Fe I,6159.38,4.61,-1.99,29.2
1969914723446419072,HIRES,Fe I,6165.37,4.14,-1.55,67.8
1969914723446419072,HIRES,Fe I,6170.51,4.79,-0.46,131.2
1969914723446419072,HIRES,Fe I,6173.34,2.22,-2.9,96.2
1969914723446419072,HIRES,Fe I,6180.2,2.73,-2.62,96.6
1969914723446419072,HIRES,Fe I,6187.99,3.94,-1.73,73.7
1969914723446419072,HIRES,Fe I,6200.31,2.61,-2.43,105.6
1969914723446419072,HIRES,Fe I,6213.43,2.22,-2.64,110.3
1969914723446419072,HIRES,Fe I,6219.28,2.2,-2.51,123.2
1969914723446419072,HIRES,Fe I,6220.78,3.88,-2.38,42.9
1969914723446419072,HIRES,Fe I,6226.74,3.88,-2.16,56.0
1969914723446419072,HIRES,Fe I,6229.23,2.84,-2.92,67.4
1969914723446419072,HIRES,Fe I,6240.65,2.22,-3.36,78.1
1969914723446419072,HIRES,Fe II,6247.56,3.89,-2.39,68.4
1969914723446419072,HIRES,Fe I,6265.13,2.18,-2.56,119.1
1969914723446419072,HIRES,Fe I,6270.23,2.86,-2.63,78.6
1969914723446419072,HIRES,Fe I,6297.79,2.22,-2.83,109.9
1969914723446419072,HIRES,Fe I,6311.5,2.83,-3.09,131.1
1969914723446419072,HIRES,Fe I,6315.81,4.07,-1.73,63.9
1969914723446419072,HIRES,Fe I,6322.69,2.59,-2.37,107.5
1969914723446419072,HIRES,Fe II,6369.46,2.89,-4.17,28.2
1969914723446419072,HIRES,Fe I,6380.74,4.19,-1.38,80.2
1969914723446419072,HIRES,Fe I,6392.54,2.28,-4.06,36.3
1969914723446419072,HIRES,Fe I,6419.95,4.73,-0.38,125.6
1969914723446419072,HIRES,Fe I,6569.22,4.73,-0.61,104.9
1969914723446419072,HIRES,Fe I,6574.23,0.99,-4.99,57.3
1969914723446419072,HIRES,Fe I,6593.87,2.43,-2.44,114.6
1969914723446419072,HIRES,Fe I,6597.56,4.79,-1.01,67.1
1969914723446419072,HIRES,Fe I,6608.02,2.28,-4.03,38.8
1969914723446419072,HIRES,Fe I,6625.02,1.01,-5.31,44.3
1969914723446419072,HIRES,Fe I,6627.54,4.55,-1.53,53.3
1969914723446419072,HIRES,Fe I,6646.93,2.61,-4.05,29.9
1969914723446419072,HIRES,Fe I,6653.85,4.14,-2.52,25.9
1969914723446419072,HIRES,Fe I,6696.32,2.68,-3.73,123.7
1969914723446419072,HIRES,Fe I,6699.14,4.59,-2.15,20.2
1969914723446419072,HIRES,Fe I,6703.57,2.76,-3.06,66.4
1969914723446419072,HIRES,Fe I,6704.48,4.22,-2.6,16.7
1969914723446419072,HIRES,Fe I,6710.32,1.48,-4.9,42.9
1969914723446419072,HIRES,Fe I,6713.77,4.79,-1.49,42.2
1969914723446419072,HIRES,Fe I,6716.24,4.58,-1.78,36.9
1969914723446419072,HIRES,Fe I,6725.35,4.1,-2.29,38.1
1969914723446419072,HIRES,Fe I,6726.67,4.61,-1.09,72.4
1969914723446419072,HIRES,Fe I,6733.15,4.64,-1.47,48.8
1969914723446419072,HIRES,Fe I,6739.52,1.56,-4.96,28.5
2105262611951880320,APF,Fe I,5522.45,4.21,-1.49,67.7
2105262611951880320,APF,Fe I,5546.51,4.37,-1.18,74.5
2105262611951880320,APF,Fe I,5560.21,4.43,-1.14,72.2
2105262611951880320,APF,Fe I,5577.02,5.03,-1.61,21.4
2105262611951880320,APF,Fe I,5618.63,4.21,-1.39,69.1
2105262611951880320,APF,Fe I,5619.61,4.39,-1.51,56.4
2105262611951880320,APF,Fe I,5635.83,4.26,-1.65,50.5
2105262611951880320,APF,Fe I,5638.26,4.22,-0.83,99.1
2105262611951880320,APF,Fe I,5661.35,4.28,-1.91,41.2
2105262611951880320,APF,Fe I,5679.02,4.65,-0.84,83.3
2105262611951880320,APF,Fe I,5701.55,2.56,-2.22,113.5
2105262611951880320,APF,Fe I,5705.47,4.3,-1.52,62.4
2105262611951880320,APF,Fe I,5741.85,4.26,-1.71,54.3
2105262611951880320,APF,Fe I,5753.13,4.26,-0.77,94.5
2105262611951880320,APF,Fe I,5775.08,4.22,-1.16,83.9
2105262611951880320,APF,Fe I,5778.46,2.59,-3.57,44.1
2105262611951880320,APF,Fe I,5809.22,3.88,-1.73,81.8
2105262611951880320,APF,Fe I,5849.69,3.69,-3.14,22.8
2105262611951880320,APF,Fe I,5852.22,4.55,-1.24,64.9
2105262611951880320,APF,Fe I,5855.08,4.61,-1.6,44.2
2105262611951880320,APF,Fe I,5858.78,4.22,-2.17,19.1
2105262611951880320,APF,Fe I,5905.67,4.65,-0.87,86.4
2105262611951880320,APF,Fe I,5956.69,0.86,-4.59,59.8
2105262611951880320,APF,Fe II,5991.38,3.15,-3.63,60.8
2105262611951880320,APF,Fe I,6027.05,4.08,-1.23,84.8
2105262611951880320,APF,Fe I,6054.07,4.37,-2.31,20.8
2105262611951880320,APF,Fe I,6079.01,4.65,-1.06,73.4
2105262611951880320,APF,Fe I,6082.71,2.22,-3.61,62.2
2105262611951880320,APF,Fe II,6084.11,3.2,-3.9,42.2
2105262611951880320,APF,Fe II,6113.33,3.22,-4.22,59.6
2105262611951880320,APF,Fe I,6127.9,4.14,-1.43,72.7
2105262611951880320,APF,Fe II,6149.26,3.89,-2.77,50.3
2105262611951880320,APF,Fe I,6151.62,2.18,-3.36,76.1
2105262611951880320,APF,Fe I,6157.73,4.07,-1.38,89.3
2105262611951880320,APF,Fe I,6159.38,4.61,-1.99,28.9
2105262611951880320,APF,Fe I,6165.37,4.14,-1.55,73.3
2105262611951880320,APF,Fe I,6187.99,3.94,-1.73,75.7
2105262611951880320,APF,Fe I,6200.31,2.61,-2.43,104.4
2105262611951880320,APF,Fe I,6213.43,2.22,-2.64,112.7
2105262611951880320,APF,Fe I,6219.28,2.2,-2.51,118.2
2105262611951880320,APF,Fe I,6220.78,3.88,-2.38,37.5
2105262611951880320,APF,Fe I,6226.74,3.88,-2.16,56.6
2105262611951880320,APF,Fe I,6229.23,2.84,-2.92,66.4
2105262611951880320,APF,Fe I,6240.65,2.22,-3.36,81.2
2105262611951880320,APF,Fe II,6247.56,3.89,-2.39,78.2
2105262611951880320,APF,Fe I,6265.13,2.18,-2.56,122.7
2105262611951880320,APF,Fe I,6270.23,2.86,-2.63,79.9
2105262611951880320,APF,Fe I,6297.79,2.22,-2.83,106.1
2105262611951880320,APF,Fe I,6311.5,2.83,-3.09,109.5
2105262611951880320,APF,Fe I,6315.81,4.07,-1.73,62.1
2105262611951880320,APF,Fe I,6322.69,2.59,-2.37,106.8
2105262611951880320,APF,Fe II,6369.46,2.89,-4.17,38.0
2105262611951880320,APF,Fe I,6380.74,4.19,-1.38,83.2
2105262611951880320,APF,Fe I,6392.54,2.28,-4.06,37.1
2105262611951880320,APF,Fe I,6419.95,4.73,-0.38,117.8
2105262611951880320,APF,Fe II,6456.38,3.9,-2.17,84.6
2105262611951880320,APF,Fe I,6481.87,2.28,-2.98,105.4
2105262611951880320,APF,Fe I,6569.22,4.73,-0.61,107.8
2105262611951880320,APF,Fe I,6574.23,0.99,-4.99,54.6
2105262611951880320,APF,Fe I,6593.87,2.43,-2.44,117.9
2105262611951880320,APF,Fe I,6597.56,4.79,-1.01,72.1
2105262611951880320,APF,Fe I,6625.02,1.01,-5.31,48.7
2105262611951880320,APF,Fe I,6627.54,4.55,-1.53,55.9
2105262611951880320,APF,Fe I,6646.93,2.61,-4.05,25.1
2105262611951880320,APF,Fe I,6653.85,4.14,-2.52,33.2
2105262611951880320,APF,Fe I,6725.35,4.1,-2.29,35.4
2105262611951880320,APF,Fe I,6726.67,4.61,-1.09,79.4
2105262611951880320,APF,Fe I,6733.15,4.64,-1.47,45.2
2105262611951880320,APF,Fe I,6739.52,1.56,-4.96,28.9
2222930319131123584,HIRES,Fe I,5522.45,4.21,-1.49,64.7
2222930319131123584,HIRES,Fe I,5546.51,4.37,-1.18,79.2
2222930319131123584,HIRES,Fe I,5560.21,4.43,-1.14,71.6
2222930319131123584,HIRES,Fe I,5577.02,5.03,-1.61,21.4
2222930319131123584,HIRES,Fe I,5618.63,4.21,-1.39,67.5
2222930319131123584,HIRES,Fe I,5619.61,4.39,-1.51,64.7
2222930319131123584,HIRES,Fe I,5635.83,4.26,-1.65,47.0
2222930319131123584,HIRES,Fe I,5638.26,4.22,-0.83,101.5
2222930319131123584,HIRES,Fe I,5651.48,4.47,-1.86,37.4
2222930319131123584,HIRES,Fe I,5652.33,4.26,-1.81,49.0
2222930319131123584,HIRES,Fe I,5661.35,4.28,-1.91,40.4
2222930319131123584,HIRES,Fe I,5679.02,4.65,-0.84,84.1
2222930319131123584,HIRES,Fe I,5701.55,2.56,-2.22,113.3
2222930319131123584,HIRES,Fe I,5705.47,4.3,-1.52,62.3
2222930319131123584,HIRES,Fe I,5741.85,4.26,-1.71,55.3
2222930319131123584,HIRES,Fe I,5753.13,4.26,-0.77,98.5
2222930319131123584,HIRES,Fe I,5775.08,4.22,-1.16,84.9
2222930319131123584,HIRES,Fe I,5778.46,2.59,-3.57,49.0
2222930319131123584,HIRES,Fe I,5809.22,3.88,-1.73,81.3
2222930319131123584,HIRES,Fe I,5849.69,3.69,-3.14,19.0
2222930319131123584,HIRES,Fe I,5852.22,4.55,-1.24,67.4
2222930319131123584,HIRES,Fe I,5855.08,4.61,-1.6,42.5
2222930319131123584,HIRES,Fe I,5858.78,4.22,-2.17,26.2
2222930319131123584,HIRES,Fe I,5861.11,4.28,-2.51,22.0
2222930319131123584,HIRES,Fe I,5905.67,4.65,-0.87,80.5
2222930319131123584,HIRES,Fe I,5934.65,3.93,-1.26,108.7
2222930319131123584,HIRES,Fe I,5956.69,0.86,-4.59,81.4
2222930319131123584,HIRES,Fe II,5991.38,3.15,-3.63,48.0
2222930319131123584,HIRES,Fe I,6027.05,4.08,-1.23,89.0
2222930319131123584,HIRES,Fe I,6054.07,4.37,-2.31,24.4
2222930319131123584,HIRES,Fe I,6079.01,4.65,-1.06,70.2
2222930319131123584,HIRES,Fe I,6082.71,2.22,-3.61,65.9
2222930319131123584,HIRES,Fe II,6084.11,3.2,-3.9,30.7
2222930319131123584,HIRES,Fe I,6093.64,4.61,-1.39,58.6
2222930319131123584,HIRES,Fe II,6113.33,3.22,-4.22,40.9
2222930319131123584,HIRES,Fe I,6127.9,4.14,-1.43,78.2
2222930319131123584,HIRES,Fe II,6149.26,3.89,-2.77,42.7
2222930319131123584,HIRES,Fe I,6151.62,2.18,-3.36,77.1
2222930319131123584,HIRES,Fe I,6157.73,4.07,-1.38,89.4
2222930319131123584,HIRES,Fe I,6159.38,4.61,-1.99,28.8
2222930319131123584,HIRES,Fe I,6165.37,4.14,-1.55,65.4
2222930319131123584,HIRES,Fe I,6170.51,4.79,-0.46,132.9
2222930319131123584,HIRES,Fe I,6173.34,2.22,-2.9,97.5
2222930319131123584,HIRES,Fe I,6180.2,2.73,-2.62,95.1
2222930319131123584,HIRES,Fe I,6187.99,3.94,-1.73,75.2
2222930319131123584,HIRES,Fe I,6200.31,2.61,-2.43,109.5
2222930319131123584,HIRES,Fe I,6213.43,2.22,-2.64,110.8
2222930319131123584,HIRES,Fe I,6219.28,2.2,-2.51,122.3
2222930319131123584,HIRES,Fe I,6220.78,3.88,-2.38,46.5
2222930319131123584,HIRES,Fe I,6226.74,3.88,-2.16,54.3
2222930319131123584,HIRES,Fe I,6229.23,2.84,-2.92,68.8
2222930319131123584,HIRES,Fe I,6240.65,2.22,-3.36,74.9
2222930319131123584,HIRES,Fe II,6247.56,3.89,-2.39,60.7
2222930319131123584,HIRES,Fe I,6265.13,2.18,-2.56,120.5
2222930319131123584,HIRES,Fe I,6270.23,2.86,-2.63,80.1
2222930319131123584,HIRES,Fe I,6297.79,2.22,-2.83,105.4
2222930319131123584,HIRES,Fe I,6311.5,2.83,-3.09,60.7
2222930319131123584,HIRES,Fe I,6315.81,4.07,-1.73,61.7
2222930319131123584,HIRES,Fe I,6322.69,2.59,-2.37,108.1
2222930319131123584,HIRES,Fe II,6369.46,2.89,-4.17,26.9
2222930319131123584,HIRES,Fe I,6380.74,4.19,-1.38,81.6
2222930319131123584,HIRES,Fe I,6392.54,2.28,-4.06,37.8
2222930319131123584,HIRES,Fe I,6419.95,4.73,-0.38,136.6
2222930319131123584,HIRES,Fe I,6569.22,4.73,-0.61,107.2
2222930319131123584,HIRES,Fe I,6574.23,0.99,-4.99,61.2
2222930319131123584,HIRES,Fe I,6593.87,2.43,-2.44,114.3
2222930319131123584,HIRES,Fe I,6597.56,4.79,-1.01,68.9
2222930319131123584,HIRES,Fe I,6608.02,2.28,-4.03,39.9
2222930319131123584,HIRES,Fe I,6625.02,1.01,-5.31,51.5
2222930319131123584,HIRES,Fe I,6627.54,4.55,-1.53,53.2
2222930319131123584,HIRES,Fe I,6646.93,2.61,-4.05,30.6
2222930319131123584,HIRES,Fe I,6653.85,4.14,-2.52,26.3
2222930319131123584,HIRES,Fe I,6696.32,2.68,-3.73,134.5
2222930319131123584,HIRES,Fe I,6699.14,4.59,-2.15,21.9
2222930319131123584,HIRES,Fe I,6703.57,2.76,-3.06,67.1
2222930319131123584,HIRES,Fe I,6704.48,4.22,-2.6,16.6
2222930319131123584,HIRES,Fe I,6710.32,1.48,-4.9,43.8
2222930319131123584,HIRES,Fe I,6713.77,4.79,-1.49,41.7
2222930319131123584,HIRES,Fe I,6716.24,4.58,-1.78,35.9
2222930319131123584,HIRES,Fe I,6725.35,4.1,-2.29,38.7
2222930319131123584,HIRES,Fe I,6726.67,4.61,-1.09,71.8
2222930319131123584,HIRES,Fe I,6733.15,4.64,-1.47,48.1
2222930319131123584,HIRES,Fe I,6739.52,1.56,-4.96,29.7
2034483990505147904,HIRES,Fe I,5522.45,4.21,-1.49,65.9
2034483990505147904,HIRES,Fe I,5546.51,4.37,-1.18,82.0
2034483990505147904,HIRES,Fe I,5560.21,4.43,-1.14,71.2
2034483990505147904,HIRES,Fe I,5577.02,5.03,-1.61,21.4
2034483990505147904,HIRES,Fe I,5618.63,4.21,-1.39,67.7
2034483990505147904,HIRES,Fe I,5619.61,4.39,-1.51,66.5
2034483990505147904,HIRES,Fe I,5635.83,4.26,-1.65,51.0
2034483990505147904,HIRES,Fe I,5638.26,4.22,-0.83,104.2
2034483990505147904,HIRES,Fe I,5651.48,4.47,-1.86,37.9
2034483990505147904,HIRES,Fe I,5652.33,4.26,-1.81,50.8
2034483990505147904,HIRES,Fe I,5661.35,4.28,-1.91,40.1
2034483990505147904,HIRES,Fe I,5679.02,4.65,-0.84,84.9
2034483990505147904,HIRES,Fe I,5701.55,2.56,-2.22,111.8
2034483990505147904,HIRES,Fe I,5705.47,4.3,-1.52,68.9
2034483990505147904,HIRES,Fe I,5741.85,4.26,-1.71,58.3
2034483990505147904,HIRES,Fe I,5753.13,4.26,-0.77,97.6
2034483990505147904,HIRES,Fe I,5775.08,4.22,-1.16,85.8
2034483990505147904,HIRES,Fe I,5778.46,2.59,-3.57,49.4
2034483990505147904,HIRES,Fe I,5809.22,3.88,-1.73,82.2
2034483990505147904,HIRES,Fe I,5849.69,3.69,-3.14,20.4
2034483990505147904,HIRES,Fe I,5852.22,4.55,-1.24,69.6
2034483990505147904,HIRES,Fe I,5855.08,4.61,-1.6,45.0
2034483990505147904,HIRES,Fe I,5858.78,4.22,-2.17,27.0
2034483990505147904,HIRES,Fe I,5861.11,4.28,-2.51,21.6
2034483990505147904,HIRES,Fe I,5905.67,4.65,-0.87,83.5
2034483990505147904,HIRES,Fe I,5934.65,3.93,-1.26,108.2
2034483990505147904,HIRES,Fe I,5956.69,0.86,-4.59,80.0
2034483990505147904,HIRES,Fe II,5991.38,3.15,-3.63,52.1
2034483990505147904,HIRES,Fe I,6027.05,4.08,-1.23,89.2
2034483990505147904,HIRES,Fe I,6054.07,4.37,-2.31,23.7
2034483990505147904,HIRES,Fe I,6079.01,4.65,-1.06,72.1
2034483990505147904,HIRES,Fe I,6082.71,2.22,-3.61,69.5
2034483990505147904,HIRES,Fe II,6084.11,3.2,-3.9,35.4
2034483990505147904,HIRES,Fe I,6093.64,4.61,-1.39,61.8
2034483990505147904,HIRES,Fe II,6113.33,3.22,-4.22,48.7
2034483990505147904,HIRES,Fe I,6127.9,4.14,-1.43,81.0
2034483990505147904,HIRES,Fe II,6149.26,3.89,-2.77,50.6
2034483990505147904,HIRES,Fe I,6151.62,2.18,-3.36,75.3
2034483990505147904,HIRES,Fe I,6157.73,4.07,-1.38,89.7
2034483990505147904,HIRES,Fe I,6159.38,4.61,-1.99,29.2
2034483990505147904,HIRES,Fe I,6165.37,4.14,-1.55,70.1
2034483990505147904,HIRES,Fe I,6170.51,4.79,-0.46,131.4
2034483990505147904,HIRES,Fe I,6173.34,2.22,-2.9,98.2
2034483990505147904,HIRES,Fe I,6180.2,2.73,-2.62,101.4
2034483990505147904,HIRES,Fe I,6187.99,3.94,-1.73,74.4
2034483990505147904,HIRES,Fe I,6200.31,2.61,-2.43,138.1
2034483990505147904,HIRES,Fe I,6213.43,2.22,-2.64,109.3
2034483990505147904,HIRES,Fe I,6219.28,2.2,-2.51,124.8
2034483990505147904,HIRES,Fe I,6220.78,3.88,-2.38,43.3
2034483990505147904,HIRES,Fe I,6226.74,3.88,-2.16,56.6
2034483990505147904,HIRES,Fe I,6229.23,2.84,-2.92,67.7
2034483990505147904,HIRES,Fe I,6240.65,2.22,-3.36,75.6
2034483990505147904,HIRES,Fe II,6247.56,3.89,-2.39,71.1
2034483990505147904,HIRES,Fe I,6265.13,2.18,-2.56,120.4
2034483990505147904,HIRES,Fe I,6270.23,2.86,-2.63,81.2
2034483990505147904,HIRES,Fe I,6297.79,2.22,-2.83,105.0
2034483990505147904,HIRES,Fe I,6311.5,2.83,-3.09,91.5
2034483990505147904,HIRES,Fe I,6315.81,4.07,-1.73,62.2
2034483990505147904,HIRES,Fe I,6322.69,2.59,-2.37,109.3
2034483990505147904,HIRES,Fe II,6369.46,2.89,-4.17,30.1
2034483990505147904,HIRES,Fe I,6380.74,4.19,-1.38,80.9
2034483990505147904,HIRES,Fe I,6392.54,2.28,-4.06,38.6
2034483990505147904,HIRES,Fe I,6419.95,4.73,-0.38,142.6
2034483990505147904,HIRES,Fe I,6569.22,4.73,-0.61,107.5
2034483990505147904,HIRES,Fe I,6574.23,0.99,-4.99,59.4
2034483990505147904,HIRES,Fe I,6593.87,2.43,-2.44,115.3
2034483990505147904,HIRES,Fe I,6597.56,4.79,-1.01,69.3
2034483990505147904,HIRES,Fe I,6608.02,2.28,-4.03,40.2
2034483990505147904,HIRES,Fe I,6625.02,1.01,-5.31,48.5
2034483990505147904,HIRES,Fe I,6627.54,4.55,-1.53,54.3
2034483990505147904,HIRES,Fe I,6646.93,2.61,-4.05,31.5
2034483990505147904,HIRES,Fe I,6653.85,4.14,-2.52,29.5
2034483990505147904,HIRES,Fe I,6696.32,2.68,-3.73,139.1
2034483990505147904,HIRES,Fe I,6699.14,4.59,-2.15,22.6
2034483990505147904,HIRES,Fe I,6703.57,2.76,-3.06,68.7
2034483990505147904,HIRES,Fe I,6704.48,4.22,-2.6,18.4
2034483990505147904,HIRES,Fe I,6710.32,1.48,-4.9,43.3
2034483990505147904,HIRES,Fe I,6713.77,4.79,-1.49,43.9
2034483990505147904,HIRES,Fe I,6716.24,4.58,-1.78,36.1
2034483990505147904,HIRES,Fe I,6725.35,4.1,-2.29,46.1
2034483990505147904,HIRES,Fe I,6726.67,4.61,-1.09,80.0
2034483990505147904,HIRES,Fe I,6733.15,4.64,-1.47,51.3
2034483990505147904,HIRES,Fe I,6739.52,1.56,-4.96,30.5
2207311069265753088,HIRES,Fe I,5522.45,4.21,-1.49,65.8
2207311069265753088,HIRES,Fe I,5546.51,4.37,-1.18,80.7
2207311069265753088,HIRES,Fe I,5560.21,4.43,-1.14,71.5
2207311069265753088,HIRES,Fe I,5577.02,5.03,-1.61,25.2
2207311069265753088,HIRES,Fe I,5618.63,4.21,-1.39,69.3
2207311069265753088,HIRES,Fe I,5619.61,4.39,-1.51,69.4
2207311069265753088,HIRES,Fe I,5635.83,4.26,-1.65,49.0
2207311069265753088,HIRES,Fe I,5638.26,4.22,-0.83,104.2
2207311069265753088,HIRES,Fe I,5651.48,4.47,-1.86,37.0
2207311069265753088,HIRES,Fe I,5652.33,4.26,-1.81,50.1
2207311069265753088,HIRES,Fe I,5661.35,4.28,-1.91,41.0
2207311069265753088,HIRES,Fe I,5679.02,4.65,-0.84,84.4
2207311069265753088,HIRES,Fe I,5701.55,2.56,-2.22,115.1
2207311069265753088,HIRES,Fe I,5705.47,4.3,-1.52,64.0
2207311069265753088,HIRES,Fe I,5741.85,4.26,-1.71,57.9
2207311069265753088,HIRES,Fe I,5753.13,4.26,-0.77,101.2
2207311069265753088,HIRES,Fe I,5775.08,4.22,-1.16,85.6
2207311069265753088,HIRES,Fe I,5778.46,2.59,-3.57,51.3
2207311069265753088,HIRES,Fe I,5809.22,3.88,-1.73,84.2
2207311069265753088,HIRES,Fe I,5849.69,3.69,-3.14,20.6
2207311069265753088,HIRES,Fe I,5852.22,4.55,-1.24,69.6
2207311069265753088,HIRES,Fe I,5855.08,4.61,-1.6,44.5
2207311069265753088,HIRES,Fe I,5858.78,4.22,-2.17,25.7
2207311069265753088,HIRES,Fe I,5861.11,4.28,-2.51,23.1
2207311069265753088,HIRES,Fe I,5905.67,4.65,-0.87,84.6
2207311069265753088,HIRES,Fe I,5934.65,3.93,-1.26,109.5
2207311069265753088,HIRES,Fe I,5956.69,0.86,-4.59,79.3
2207311069265753088,HIRES,Fe II,5991.38,3.15,-3.63,49.0
2207311069265753088,HIRES,Fe I,6027.05,4.08,-1.23,91.0
2207311069265753088,HIRES,Fe I,6054.07,4.37,-2.31,24.7
2207311069265753088,HIRES,Fe I,6079.01,4.65,-1.06,72.0
2207311069265753088,HIRES,Fe I,6082.71,2.22,-3.61,64.2
2207311069265753088,HIRES,Fe II,6084.11,3.2,-3.9,33.9
2207311069265753088,HIRES,Fe I,6093.64,4.61,-1.39,60.2
2207311069265753088,HIRES,Fe II,6113.33,3.22,-4.22,50.3
2207311069265753088,HIRES,Fe I,6127.9,4.14,-1.43,79.0
2207311069265753088,HIRES,Fe II,6149.26,3.89,-2.77,48.8
2207311069265753088,HIRES,Fe I,6151.62,2.18,-3.36,76.4
2207311069265753088,HIRES,Fe I,6157.73,4.07,-1.38,90.1
2207311069265753088,HIRES,Fe I,6159.38,4.61,-1.99,31.6
2207311069265753088,HIRES,Fe I,6165.37,4.14,-1.55,69.9
2207311069265753088,HIRES,Fe I,6170.51,4.79,-0.46,133.9
2207311069265753088,HIRES,Fe I,6173.34,2.22,-2.9,98.6
2207311069265753088,HIRES,Fe I,6180.2,2.73,-2.62,99.2
2207311069265753088,HIRES,Fe I,6187.99,3.94,-1.73,75.8
2207311069265753088,HIRES,Fe I,6200.31,2.61,-2.43,98.6
2207311069265753088,HIRES,Fe I,6213.43,2.22,-2.64,112.9
2207311069265753088,HIRES,Fe I,6219.28,2.2,-2.51,124.4
2207311069265753088,HIRES,Fe I,6220.78,3.88,-2.38,47.6
2207311069265753088,HIRES,Fe I,6226.74,3.88,-2.16,54.4
2207311069265753088,HIRES,Fe I,6229.23,2.84,-2.92,69.5
2207311069265753088,HIRES,Fe I,6240.65,2.22,-3.36,78.8
2207311069265753088,HIRES,Fe II,6247.56,3.89,-2.39,65.4
2207311069265753088,HIRES,Fe I,6265.13,2.18,-2.56,124.8
2207311069265753088,HIRES,Fe I,6270.23,2.86,-2.63,79.4
2207311069265753088,HIRES,Fe I,6297.79,2.22,-2.83,104.1
2207311069265753088,HIRES,Fe I,6311.5,2.83,-3.09,78.3
2207311069265753088,HIRES,Fe I,6315.81,4.07,-1.73,69.3
2207311069265753088,HIRES,Fe I,6322.69,2.59,-2.37,111.4
2207311069265753088,HIRES,Fe II,6369.46,2.89,-4.17,29.5
2207311069265753088,HIRES,Fe I,6380.74,4.19,-1.38,82.0
2207311069265753088,HIRES,Fe I,6392.54,2.28,-4.06,39.5
2207311069265753088,HIRES,Fe I,6419.95,4.73,-0.38,127.1
2207311069265753088,HIRES,Fe I,6569.22,4.73,-0.61,106.3
2207311069265753088,HIRES,Fe I,6574.23,0.99,-4.99,59.8
2207311069265753088,HIRES,Fe I,6593.87,2.43,-2.44,117.2
2207311069265753088,HIRES,Fe I,6597.56,4.79,-1.01,69.5
2207311069265753088,HIRES,Fe I,6608.02,2.28,-4.03,40.8
2207311069265753088,HIRES,Fe I,6625.02,1.01,-5.31,51.5
2207311069265753088,HIRES,Fe I,6627.54,4.55,-1.53,57.7
2207311069265753088,HIRES,Fe I,6646.93,2.61,-4.05,33.7
2207311069265753088,HIRES,Fe I,6653.85,4.14,-2.52,28.0
2207311069265753088,HIRES,Fe I,6696.32,2.68,-3.73,139.6
2207311069265753088,HIRES,Fe I,6699.14,4.59,-2.15,23.0
2207311069265753088,HIRES,Fe I,6703.57,2.76,-3.06,67.1
2207311069265753088,HIRES,Fe I,6704.48,4.22,-2.6,18.5
2207311069265753088,HIRES,Fe I,6710.32,1.48,-4.9,47.0
2207311069265753088,HIRES,Fe I,6713.77,4.79,-1.49,42.6
2207311069265753088,HIRES,Fe I,6716.24,4.58,-1.78,38.2
2207311069265753088,HIRES,Fe I,6725.35,4.1,-2.29,39.2
2207311069265753088,HIRES,Fe I,6726.67,4.61,-1.09,74.5
2207311069265753088,HIRES,Fe I,6733.15,4.64,-1.47,51.8
2207311069265753088,HIRES,Fe I,6739.52,1.56,-4.96,31.5
1332825044549520640,HIRES,Fe I,5522.45,4.21,-1.49,75.8
1332825044549520640,HIRES,Fe I,5546.51,4.37,-1.18,142.5
1332825044549520640,HIRES,Fe I,5577.02,5.03,-1.61,30.0
1332825044549520640,HIRES,Fe I,5618.63,4.21,-1.39,74.9
1332825044549520640,HIRES,Fe I,5638.26,4.22,-0.83,119.7
1332825044549520640,HIRES,Fe I,5651.48,4.47,-1.86,53.0
1332825044549520640,HIRES,Fe I,5652.33,4.26,-1.81,72.9
1332825044549520640,HIRES,Fe I,5661.35,4.28,-1.91,76.2
1332825044549520640,HIRES,Fe I,5679.02,4.65,-0.84,87.0
1332825044549520640,HIRES,Fe I,5701.55,2.56,-2.22,180.5
1332825044549520640,HIRES,Fe I,5705.47,4.3,-1.52,86.3
1332825044549520640,HIRES,Fe I,5741.85,4.26,-1.71,71.1
1332825044549520640,HIRES,Fe I,5775.08,4.22,-1.16,102.0
1332825044549520640,HIRES,Fe I,5778.46,2.59,-3.57,101.3
1332825044549520640,HIRES,Fe I,5809.22,3.88,-1.73,121.4
1332825044549520640,HIRES,Fe I,5849.69,3.69,-3.14,49.0
1332825044549520640,HIRES,Fe I,5852.22,4.55,-1.24,165.6
1332825044549520640,HIRES,Fe I,5855.08,4.61,-1.6,54.3
1332825044549520640,HIRES,Fe I,5858.78,4.22,-2.17,36.8
1332825044549520640,HIRES,Fe I,5861.11,4.28,-2.51,41.5
1332825044549520640,HIRES,Fe I,5905.67,4.65,-0.87,96.6
1332825044549520640,HIRES,Fe I,5934.65,3.93,-1.26,139.4
1332825044549520640,HIRES,Fe I,5956.69,0.86,-4.59,144.7
1332825044549520640,HIRES,Fe II,5991.38,3.15,-3.63,64.9
1332825044549520640,HIRES,Fe I,6027.05,4.08,-1.23,107.5
1332825044549520640,HIRES,Fe I,6054.07,4.37,-2.31,40.8
1332825044549520640,HIRES,Fe I,6079.01,4.65,-1.06,85.5
1332825044549520640,HIRES,Fe II,6149.26,3.89,-2.77,42.9
1332825044549520640,HIRES,Fe I,6151.62,2.18,-3.36,127.0
1332825044549520640,HIRES,Fe I,6157.73,4.07,-1.38,148.4
1332825044549520640,HIRES,Fe I,6159.38,4.61,-1.99,62.5
1332825044549520640,HIRES,Fe I,6165.37,4.14,-1.55,90.2
1332825044549520640,HIRES,Fe I,6173.34,2.22,-2.9,161.5
1332825044549520640,HIRES,Fe I,6180.2,2.73,-2.62,177.4
1332825044549520640,HIRES,Fe I,6187.99,3.94,-1.73,96.0
1332825044549520640,HIRES,Fe I,6200.31,2.61,-2.43,153.6
1332825044549520640,HIRES,Fe I,6219.28,2.2,-2.51,175.2
1332825044549520640,HIRES,Fe I,6226.74,3.88,-2.16,69.9
1332825044549520640,HIRES,Fe I,6229.23,2.84,-2.92,114.8
1332825044549520640,HIRES,Fe II,6247.56,3.89,-2.39,75.9
1332825044549520640,HIRES,Fe I,6270.23,2.86,-2.63,119.4
1332825044549520640,HIRES,Fe I,6297.79,2.22,-2.83,170.5
1332825044549520640,HIRES,Fe I,6311.5,2.83,-3.09,167.8
1332825044549520640,HIRES,Fe I,6315.81,4.07,-1.73,81.7
1332825044549520640,HIRES,Fe I,6322.69,2.59,-2.37,157.8
1332825044549520640,HIRES,Fe II,6369.46,2.89,-4.17,17.2
1332825044549520640,HIRES,Fe I,6380.74,4.19,-1.38,129.2
1332825044549520640,HIRES,Fe I,6569.22,4.73,-0.61,166.3
1332825044549520640,HIRES,Fe I,6574.23,0.99,-4.99,133.7
1332825044549520640,HIRES,Fe I,6593.87,2.43,-2.44,173.2
1332825044549520640,HIRES,Fe I,6597.56,4.79,-1.01,69.8
1332825044549520640,HIRES,Fe I,6608.02,2.28,-4.03,119.2
1332825044549520640,HIRES,Fe I,6627.54,4.55,-1.53,86.9
1332825044549520640,HIRES,Fe I,6646.93,2.61,-4.05,105.3
1332825044549520640,HIRES,Fe I,6653.85,4.14,-2.52,49.7
1332825044549520640,HIRES,Fe I,6699.14,4.59,-2.15,41.8
1332825044549520640,HIRES,Fe I,6703.57,2.76,-3.06,120.4
1332825044549520640,HIRES,Fe I,6704.48,4.22,-2.6,34.9
1332825044549520640,HIRES,Fe I,6710.32,1.48,-4.9,134.9
1332825044549520640,HIRES,Fe I,6713.77,4.79,-1.49,53.4
1332825044549520640,HIRES,Fe I,6716.24,4.58,-1.78,89.0
1332825044549520640,HIRES,Fe I,6725.35,4.1,-2.29,59.4
1332825044549520640,HIRES,Fe I,6726.67,4.61,-1.09,82.2
1332825044549520640,HIRES,Fe I,6733.15,4.64,-1.47,59.8
1332825044549520640,HIRES,Fe I,6739.52,1.56,-4.96,76.3
1972949478614475520,HIRES,Fe I,5522.45,4.21,-1.49,61.9
1972949478614475520,HIRES,Fe I,5546.51,4.37,-1.18,73.3
1972949478614475520,HIRES,Fe I,5560.21,4.43,-1.14,69.5
1972949478614475520,HIRES,Fe I,5577.02,5.03,-1.61,22.8
1972949478614475520,HIRES,Fe I,5618.63,4.21,-1.39,67.0
1972949478614475520,HIRES,Fe I,5619.61,4.39,-1.51,54.4
1972949478614475520,HIRES,Fe I,5635.83,4.26,-1.65,47.5
1972949478614475520,HIRES,Fe I,5638.26,4.22,-0.83,95.2
1972949478614475520,HIRES,Fe I,5651.48,4.47,-1.86,32.3
1972949478614475520,HIRES,Fe I,5652.33,4.26,-1.81,44.6
1972949478614475520,HIRES,Fe I,5661.35,4.28,-1.91,32.5
1972949478614475520,HIRES,Fe I,5679.02,4.65,-0.84,79.5
1972949478614475520,HIRES,Fe I,5701.55,2.56,-2.22,104.5
1972949478614475520,HIRES,Fe I,5705.47,4.3,-1.52,57.1
1972949478614475520,HIRES,Fe I,5741.85,4.26,-1.71,51.3
1972949478614475520,HIRES,Fe I,5753.13,4.26,-0.77,97.2
1972949478614475520,HIRES,Fe I,5775.08,4.22,-1.16,78.3
1972949478614475520,HIRES,Fe I,5778.46,2.59,-3.57,40.5
1972949478614475520,HIRES,Fe I,5809.22,3.88,-1.73,73.1
1972949478614475520,HIRES,Fe I,5849.69,3.69,-3.14,15.5
1972949478614475520,HIRES,Fe I,5852.22,4.55,-1.24,62.4
1972949478614475520,HIRES,Fe I,5855.08,4.61,-1.6,40.6
1972949478614475520,HIRES,Fe I,5858.78,4.22,-2.17,21.2
1972949478614475520,HIRES,Fe I,5861.11,4.28,-2.51,17.2
1972949478614475520,HIRES,Fe I,5905.67,4.65,-0.87,77.2
1972949478614475520,HIRES,Fe I,5934.65,3.93,-1.26,100.3
1972949478614475520,HIRES,Fe I,5956.69,0.86,-4.59,69.4
1972949478614475520,HIRES,Fe II,5991.38,3.15,-3.63,58.4
1972949478614475520,HIRES,Fe I,6027.05,4.08,-1.23,87.2
1972949478614475520,HIRES,Fe I,6054.07,4.37,-2.31,18.2
1972949478614475520,HIRES,Fe I,6079.01,4.65,-1.06,67.1
1972949478614475520,HIRES,Fe I,6082.71,2.22,-3.61,58.8
1972949478614475520,HIRES,Fe II,6084.11,3.2,-3.9,43.0
1972949478614475520,HIRES,Fe I,6093.64,4.61,-1.39,56.0
1972949478614475520,HIRES,Fe II,6113.33,3.22,-4.22,54.2
1972949478614475520,HIRES,Fe I,6127.9,4.14,-1.43,73.9
1972949478614475520,HIRES,Fe II,6149.26,3.89,-2.77,60.8
1972949478614475520,HIRES,Fe I,6151.62,2.18,-3.36,69.5
1972949478614475520,HIRES,Fe I,6157.73,4.07,-1.38,84.3
1972949478614475520,HIRES,Fe I,6159.38,4.61,-1.99,22.9
1972949478614475520,HIRES,Fe I,6165.37,4.14,-1.55,65.1
1972949478614475520,HIRES,Fe I,6170.51,4.79,-0.46,114.2
1972949478614475520,HIRES,Fe I,6173.34,2.22,-2.9,91.3
1972949478614475520,HIRES,Fe I,6180.2,2.73,-2.62,90.7
1972949478614475520,HIRES,Fe I,6187.99,3.94,-1.73,66.7
1972949478614475520,HIRES,Fe I,6200.31,2.61,-2.43,91.7
1972949478614475520,HIRES,Fe I,6213.43,2.22,-2.64,102.7
1972949478614475520,HIRES,Fe I,6219.28,2.2,-2.51,113.7
1972949478614475520,HIRES,Fe I,6220.78,3.88,-2.38,36.4
1972949478614475520,HIRES,Fe I,6226.74,3.88,-2.16,48.4
1972949478614475520,HIRES,Fe I,6229.23,2.84,-2.92,64.2
1972949478614475520,HIRES,Fe I,6240.65,2.22,-3.36,69.5
1972949478614475520,HIRES,Fe II,6247.56,3.89,-2.39,86.2
1972949478614475520,HIRES,Fe I,6265.13,2.18,-2.56,110.4
1972949478614475520,HIRES,Fe I,6270.23,2.86,-2.63,75.0
1972949478614475520,HIRES,Fe I,6297.79,2.22,-2.83,95.5
1972949478614475520,HIRES,Fe I,6311.5,2.83,-3.09,62.9
1972949478614475520,HIRES,Fe I,6315.81,4.07,-1.73,65.0
1972949478614475520,HIRES,Fe I,6322.69,2.59,-2.37,99.6
1972949478614475520,HIRES,Fe II,6369.46,2.89,-4.17,42.5
1972949478614475520,HIRES,Fe I,6380.74,4.19,-1.38,74.9
1972949478614475520,HIRES,Fe I,6392.54,2.28,-4.06,30.1
1972949478614475520,HIRES,Fe I,6419.95,4.73,-0.38,114.4
1972949478614475520,HIRES,Fe I,6569.22,4.73,-0.61,94.7
1972949478614475520,HIRES,Fe I,6574.23,0.99,-4.99,45.5
1972949478614475520,HIRES,Fe I,6593.87,2.43,-2.44,108.0
1972949478614475520,HIRES,Fe I,6597.56,4.79,-1.01,66.0
1972949478614475520,HIRES,Fe I,6608.02,2.28,-4.03,29.7
1972949478614475520,HIRES,Fe I,6625.02,1.01,-5.31,31.7
1972949478614475520,HIRES,Fe I,6627.54,4.55,-1.53,48.7
1972949478614475520,HIRES,Fe I,6646.93,2.61,-4.05,22.6
1972949478614475520,HIRES,Fe I,6653.85,4.14,-2.52,23.6
1972949478614475520,HIRES,Fe I,6696.32,2.68,-3.73,120.6
1972949478614475520,HIRES,Fe I,6699.14,4.59,-2.15,15.8
1972949478614475520,HIRES,Fe I,6703.57,2.76,-3.06,60.2
1972949478614475520,HIRES,Fe I,6704.48,4.22,-2.6,14.0
1972949478614475520,HIRES,Fe I,6710.32,1.48,-4.9,28.4
1972949478614475520,HIRES,Fe I,6713.77,4.79,-1.49,36.8
1972949478614475520,HIRES,Fe I,6716.24,4.58,-1.78,32.0
1972949478614475520,HIRES,Fe I,6725.35,4.1,-2.29,33.3
1972949478614475520,HIRES,Fe I,6726.67,4.61,-1.09,69.5
1972949478614475520,HIRES,Fe I,6733.15,4.64,-1.47,47.2
1972949478614475520,HIRES,Fe I,6739.52,1.56,-4.96,21.3
1835520283318364800,APF,Fe I,5522.45,4.21,-1.49,56.9
1835520283318364800,APF,Fe I,5546.51,4.37,-1.18,82.4
1835520283318364800,APF,Fe I,5560.21,4.43,-1.14,75.0
1835520283318364800,APF,Fe I,5577.02,5.03,-1.61,30.8
1835520283318364800,APF,Fe I,5618.63,4.21,-1.39,72.9
1835520283318364800,APF,Fe I,5619.61,4.39,-1.51,77.5
1835520283318364800,APF,Fe I,5635.83,4.26,-1.65,53.9
1835520283318364800,APF,Fe I,5638.26,4.22,-0.83,106.8
1835520283318364800,APF,Fe I,5661.35,4.28,-1.91,51.6
1835520283318364800,APF,Fe I,5679.02,4.65,-0.84,84.3
1835520283318364800,APF,Fe I,5701.55,2.56,-2.22,128.5
1835520283318364800,APF,Fe I,5705.47,4.3,-1.52,71.8
1835520283318364800,APF,Fe I,5741.85,4.26,-1.71,61.1
1835520283318364800,APF,Fe I,5753.13,4.26,-0.77,109.8
1835520283318364800,APF,Fe I,5775.08,4.22,-1.16,88.1
1835520283318364800,APF,Fe I,5778.46,2.59,-3.57,59.7
1835520283318364800,APF,Fe I,5809.22,3.88,-1.73,91.7
1835520283318364800,APF,Fe I,5849.69,3.69,-3.14,21.4
1835520283318364800,APF,Fe I,5852.22,4.55,-1.24,77.3
1835520283318364800,APF,Fe I,5855.08,4.61,-1.6,54.4
1835520283318364800,APF,Fe I,5858.78,4.22,-2.17,28.5
1835520283318364800,APF,Fe I,5905.67,4.65,-0.87,79.2
1835520283318364800,APF,Fe I,5956.69,0.86,-4.59,98.9
1835520283318364800,APF,Fe II,5991.38,3.15,-3.63,57.7
1835520283318364800,APF,Fe I,6027.05,4.08,-1.23,95.5
1835520283318364800,APF,Fe I,6054.07,4.37,-2.31,34.3
1835520283318364800,APF,Fe I,6079.01,4.65,-1.06,75.3
1835520283318364800,APF,Fe I,6082.71,2.22,-3.61,69.5
1835520283318364800,APF,Fe II,6084.11,3.2,-3.9,40.7
1835520283318364800,APF,Fe I,6127.9,4.14,-1.43,84.1
1835520283318364800,APF,Fe II,6149.26,3.89,-2.77,46.6
1835520283318364800,APF,Fe I,6151.62,2.18,-3.36,89.6
1835520283318364800,APF,Fe I,6157.73,4.07,-1.38,96.7
1835520283318364800,APF,Fe I,6159.38,4.61,-1.99,36.8
1835520283318364800,APF,Fe I,6165.37,4.14,-1.55,77.1
1835520283318364800,APF,Fe I,6187.99,3.94,-1.73,83.9
1835520283318364800,APF,Fe I,6200.31,2.61,-2.43,116.7
1835520283318364800,APF,Fe I,6213.43,2.22,-2.64,127.0
1835520283318364800,APF,Fe I,6219.28,2.2,-2.51,136.6
1835520283318364800,APF,Fe I,6220.78,3.88,-2.38,48.0
1835520283318364800,APF,Fe I,6226.74,3.88,-2.16,60.6
1835520283318364800,APF,Fe I,6229.23,2.84,-2.92,72.9
1835520283318364800,APF,Fe II,6247.56,3.89,-2.39,67.0
1835520283318364800,APF,Fe I,6265.13,2.18,-2.56,138.3
1835520283318364800,APF,Fe I,6270.23,2.86,-2.63,95.2
1835520283318364800,APF,Fe I,6297.79,2.22,-2.83,128.7
1835520283318364800,APF,Fe I,6311.5,2.83,-3.09,107.9
1835520283318364800,APF,Fe I,6315.81,4.07,-1.73,67.8
1835520283318364800,APF,Fe I,6322.69,2.59,-2.37,117.3
1835520283318364800,APF,Fe II,6369.46,2.89,-4.17,28.1
1835520283318364800,APF,Fe I,6380.74,4.19,-1.38,90.7
1835520283318364800,APF,Fe I,6392.54,2.28,-4.06,47.4
1835520283318364800,APF,Fe I,6419.95,4.73,-0.38,124.5
1835520283318364800,APF,Fe II,6456.38,3.9,-2.17,73.2
1835520283318364800,APF,Fe I,6481.87,2.28,-2.98,117.4
1835520283318364800,APF,Fe I,6569.22,4.73,-0.61,109.7
1835520283318364800,APF,Fe I,6574.23,0.99,-4.99,71.6
1835520283318364800,APF,Fe I,6593.87,2.43,-2.44,134.7
1835520283318364800,APF,Fe I,6597.56,4.79,-1.01,73.2
1835520283318364800,APF,Fe I,6625.02,1.01,-5.31,84.7
1835520283318364800,APF,Fe I,6627.54,4.55,-1.53,60.8
1835520283318364800,APF,Fe I,6646.93,2.61,-4.05,42.3
1835520283318364800,APF,Fe I,6653.85,4.14,-2.52,35.9
1835520283318364800,APF,Fe I,6725.35,4.1,-2.29,41.9
1835520283318364800,APF,Fe I,6726.67,4.61,-1.09,83.8
1835520283318364800,APF,Fe I,6733.15,4.64,-1.47,53.2
1835520283318364800,APF,Fe I,6739.52,1.56,-4.96,42.8
4591824513402826112,APF,Fe I,5522.45,4.21,-1.49,81.4
4591824513402826112,APF,Fe I,5546.51,4.37,-1.18,146.6
4591824513402826112,APF,Fe I,5560.21,4.43,-1.14,85.1
4591824513402826112,APF,Fe I,5577.02,5.03,-1.61,44.2
4591824513402826112,APF,Fe I,5618.63,4.21,-1.39,80.8
4591824513402826112,APF,Fe I,5635.83,4.26,-1.65,64.2
4591824513402826112,APF,Fe I,5638.26,4.22,-0.83,124.8
4591824513402826112,APF,Fe I,5661.35,4.28,-1.91,79.5
4591824513402826112,APF,Fe I,5679.02,4.65,-0.84,89.7
4591824513402826112,APF,Fe I,5701.55,2.56,-2.22,185.2
4591824513402826112,APF,Fe I,5705.47,4.3,-1.52,86.1
4591824513402826112,APF,Fe I,5741.85,4.26,-1.71,77.8
4591824513402826112,APF,Fe I,5775.08,4.22,-1.16,108.1
4591824513402826112,APF,Fe I,5778.46,2.59,-3.57,104.0
4591824513402826112,APF,Fe I,5809.22,3.88,-1.73,119.5
4591824513402826112,APF,Fe I,5849.69,3.69,-3.14,52.3
4591824513402826112,APF,Fe I,5852.22,4.55,-1.24,159.7
4591824513402826112,APF,Fe I,5855.08,4.61,-1.6,59.2
4591824513402826112,APF,Fe I,5858.78,4.22,-2.17,33.4
4591824513402826112,APF,Fe I,5905.67,4.65,-0.87,98.0
4591824513402826112,APF,Fe I,5956.69,0.86,-4.59,160.5
4591824513402826112,APF,Fe I,6027.05,4.08,-1.23,120.7
4591824513402826112,APF,Fe I,6079.01,4.65,-1.06,93.3
4591824513402826112,APF,Fe II,6149.26,3.89,-2.77,49.2
4591824513402826112,APF,Fe I,6151.62,2.18,-3.36,132.7
4591824513402826112,APF,Fe I,6157.73,4.07,-1.38,153.7
4591824513402826112,APF,Fe I,6159.38,4.61,-1.99,64.6
4591824513402826112,APF,Fe I,6165.37,4.14,-1.55,102.1
4591824513402826112,APF,Fe I,6180.2,2.73,-2.62,192.0
4591824513402826112,APF,Fe I,6187.99,3.94,-1.73,100.9
4591824513402826112,APF,Fe I,6200.31,2.61,-2.43,162.9
4591824513402826112,APF,Fe I,6219.28,2.2,-2.51,185.3
4591824513402826112,APF,Fe I,6226.74,3.88,-2.16,73.1
4591824513402826112,APF,Fe I,6229.23,2.84,-2.92,109.3
4591824513402826112,APF,Fe II,6247.56,3.89,-2.39,55.9
4591824513402826112,APF,Fe I,6270.23,2.86,-2.63,126.9
4591824513402826112,APF,Fe I,6297.79,2.22,-2.83,192.2
4591824513402826112,APF,Fe I,6311.5,2.83,-3.09,176.0
4591824513402826112,APF,Fe I,6322.69,2.59,-2.37,170.6
4591824513402826112,APF,Fe II,6369.46,2.89,-4.17,23.0
4591824513402826112,APF,Fe I,6380.74,4.19,-1.38,154.6
4591824513402826112,APF,Fe I,6436.41,4.19,-2.38,78.5
4591824513402826112,APF,Fe II,6456.38,3.9,-2.17,64.6
4591824513402826112,APF,Fe I,6481.87,2.28,-2.98,174.3
4591824513402826112,APF,Fe I,6569.22,4.73,-0.61,170.1
4591824513402826112,APF,Fe I,6574.23,0.99,-4.99,136.9
4591824513402826112,APF,Fe I,6593.87,2.43,-2.44,188.2
4591824513402826112,APF,Fe I,6597.56,4.79,-1.01,82.1
4591824513402826112,APF,Fe I,6627.54,4.55,-1.53,86.8
4591824513402826112,APF,Fe I,6646.93,2.61,-4.05,112.5
4591824513402826112,APF,Fe I,6653.85,4.14,-2.52,54.4
4591824513402826112,APF,Fe I,6716.24,4.58,-1.78,80.1
4591824513402826112,APF,Fe I,6725.35,4.1,-2.29,81.8
4591824513402826112,APF,Fe I,6726.67,4.61,-1.09,79.7
4591824513402826112,APF,Fe I,6733.15,4.64,-1.47,65.7
4591824513402826112,APF,Fe I,6739.52,1.56,-4.96,85.3
1577822554777070208,HIRES,Fe I,5522.45,4.21,-1.49,74.6
1577822554777070208,HIRES,Fe I,5546.51,4.37,-1.18,116.5
1577822554777070208,HIRES,Fe I,5560.21,4.43,-1.14,76.8
1577822554777070208,HIRES,Fe I,5577.02,5.03,-1.61,30.9
1577822554777070208,HIRES,Fe I,5618.63,4.21,-1.39,74.6
1577822554777070208,HIRES,Fe I,5619.61,4.39,-1.51,87.1
1577822554777070208,HIRES,Fe I,5635.83,4.26,-1.65,58.4
1577822554777070208,HIRES,Fe I,5638.26,4.22,-0.83,112.9
1577822554777070208,HIRES,Fe I,5651.48,4.47,-1.86,49.8
1577822554777070208,HIRES,Fe I,5652.33,4.26,-1.81,64.8
1577822554777070208,HIRES,Fe I,5661.35,4.28,-1.91,65.4
1577822554777070208,HIRES,Fe I,5679.02,4.65,-0.84,87.9
1577822554777070208,HIRES,Fe I,5701.55,2.56,-2.22,157.9
1577822554777070208,HIRES,Fe I,5705.47,4.3,-1.52,74.2
1577822554777070208,HIRES,Fe I,5741.85,4.26,-1.71,70.1
1577822554777070208,HIRES,Fe I,5753.13,4.26,-0.77,104.9
1577822554777070208,HIRES,Fe I,5775.08,4.22,-1.16,97.7
1577822554777070208,HIRES,Fe I,5778.46,2.59,-3.57,86.1
1577822554777070208,HIRES,Fe I,5809.22,3.88,-1.73,110.3
1577822554777070208,HIRES,Fe I,5849.69,3.69,-3.14,39.3
1577822554777070208,HIRES,Fe I,5852.22,4.55,-1.24,120.9
1577822554777070208,HIRES,Fe I,5855.08,4.61,-1.6,54.0
1577822554777070208,HIRES,Fe I,5858.78,4.22,-2.17,37.9
1577822554777070208,HIRES,Fe I,5861.11,4.28,-2.51,36.1
1577822554777070208,HIRES,Fe I,5905.67,4.65,-0.87,90.4
1577822554777070208,HIRES,Fe I,5934.65,3.93,-1.26,126.5
1577822554777070208,HIRES,Fe I,5956.69,0.86,-4.59,123.1
1577822554777070208,HIRES,Fe II,5991.38,3.15,-3.63,51.3
1577822554777070208,HIRES,Fe I,6027.05,4.08,-1.23,102.3
1577822554777070208,HIRES,Fe I,6079.01,4.65,-1.06,80.9
1577822554777070208,HIRES,Fe II,6084.11,3.2,-3.9,43.8
1577822554777070208,HIRES,Fe I,6093.64,4.61,-1.39,74.4
1577822554777070208,HIRES,Fe I,6127.9,4.14,-1.43,98.9
1577822554777070208,HIRES,Fe II,6149.26,3.89,-2.77,38.0
1577822554777070208,HIRES,Fe I,6151.62,2.18,-3.36,108.7
1577822554777070208,HIRES,Fe I,6157.73,4.07,-1.38,128.7
1577822554777070208,HIRES,Fe I,6159.38,4.61,-1.99,51.5
1577822554777070208,HIRES,Fe I,6165.37,4.14,-1.55,82.8
1577822554777070208,HIRES,Fe I,6173.34,2.22,-2.9,139.1
1577822554777070208,HIRES,Fe I,6180.2,2.73,-2.62,145.6
1577822554777070208,HIRES,Fe I,6187.99,3.94,-1.73,92.3
1577822554777070208,HIRES,Fe I,6200.31,2.61,-2.43,169.2
1577822554777070208,HIRES,Fe I,6219.28,2.2,-2.51,155.5
1577822554777070208,HIRES,Fe I,6226.74,3.88,-2.16,66.3
1577822554777070208,HIRES,Fe I,6229.23,2.84,-2.92,104.4
1577822554777070208,HIRES,Fe II,6247.56,3.89,-2.39,44.9
1577822554777070208,HIRES,Fe I,6270.23,2.86,-2.63,109.7
1577822554777070208,HIRES,Fe I,6297.79,2.22,-2.83,150.6
1577822554777070208,HIRES,Fe I,6311.5,2.83,-3.09,147.6
1577822554777070208,HIRES,Fe I,6315.81,4.07,-1.73,78.5
1577822554777070208,HIRES,Fe I,6322.69,2.59,-2.37,144.7
1577822554777070208,HIRES,Fe II,6369.46,2.89,-4.17,19.3
1577822554777070208,HIRES,Fe I,6380.74,4.19,-1.38,116.2
1577822554777070208,HIRES,Fe I,6569.22,4.73,-0.61,147.1
1577822554777070208,HIRES,Fe I,6574.23,0.99,-4.99,110.6
1577822554777070208,HIRES,Fe I,6593.87,2.43,-2.44,156.8
1577822554777070208,HIRES,Fe I,6597.56,4.79,-1.01,72.1
1577822554777070208,HIRES,Fe I,6608.02,2.28,-4.03,78.2
1577822554777070208,HIRES,Fe I,6625.02,1.01,-5.31,186.1
1577822554777070208,HIRES,Fe I,6627.54,4.55,-1.53,78.2
1577822554777070208,HIRES,Fe I,6646.93,2.61,-4.05,84.3
1577822554777070208,HIRES,Fe I,6653.85,4.14,-2.52,41.5
1577822554777070208,HIRES,Fe I,6699.14,4.59,-2.15,36.5
1577822554777070208,HIRES,Fe I,6703.57,2.76,-3.06,106.3
1577822554777070208,HIRES,Fe I,6704.48,4.22,-2.6,29.7
1577822554777070208,HIRES,Fe I,6710.32,1.48,-4.9,113.8
1577822554777070208,HIRES,Fe I,6713.77,4.79,-1.49,51.1
1577822554777070208,HIRES,Fe I,6716.24,4.58,-1.78,71.7
1577822554777070208,HIRES,Fe I,6725.35,4.1,-2.29,55.8
1577822554777070208,HIRES,Fe I,6726.67,4.61,-1.09,81.6
1577822554777070208,HIRES,Fe I,6733.15,4.64,-1.47,61.2
1577822554777070208,HIRES,Fe I,6739.52,1.56,-4.96,66.6
